지점,지점명,일시,기온(°C),습도(%)
232,천안,2023-11-21 00:00,-.9,88
232,천안,2023-11-21 01:00,-.7,85
232,천안,2023-11-21 02:00,-1.8,91
232,천안,2023-11-21 03:00,-1.9,92
232,천안,2023-11-21 04:00,-2.4,92
232,천안,2023-11-21 05:00,-2.8,93
232,천안,2023-11-21 06:00,-2.8,92
232,천안,2023-11-21 07:00,-3,92
232,천안,2023-11-21 08:00,-2.2,92
232,천안,2023-11-21 09:00,.8,80
232,천안,2023-11-21 10:00,4.9,64
232,천안,2023-11-21 11:00,8.1,52
232,천안,2023-11-21 12:00,10.5,45
232,천안,2023-11-21 13:00,12.8,23
232,천안,2023-11-21 14:00,13.7,33
232,천안,2023-11-21 15:00,14.1,33
232,천안,2023-11-21 16:00,14.2,33
232,천안,2023-11-21 17:00,13.3,37
232,천안,2023-11-21 18:00,8.8,56
232,천안,2023-11-21 19:00,6.6,67
232,천안,2023-11-21 20:00,4.8,74
232,천안,2023-11-21 21:00,3.8,79
232,천안,2023-11-21 22:00,2.7,83
232,천안,2023-11-21 23:00,1.8,86
232,천안,2023-11-22 00:00,.9,88
232,천안,2023-11-22 01:00,.6,90
232,천안,2023-11-22 02:00,-.3,93
232,천안,2023-11-22 03:00,-.5,94
232,천안,2023-11-22 04:00,-.8,95
232,천안,2023-11-22 05:00,-1.3,95
232,천안,2023-11-22 06:00,-1.6,95
232,천안,2023-11-22 07:00,-1.8,96
232,천안,2023-11-22 08:00,-1.4,95
232,천안,2023-11-22 09:00,1.1,87
232,천안,2023-11-22 10:00,5.6,74
232,천안,2023-11-22 11:00,9,56
232,천안,2023-11-22 12:00,11.9,55
232,천안,2023-11-22 13:00,13.4,53
232,천안,2023-11-22 14:00,14.3,49
232,천안,2023-11-22 15:00,14.7,49
232,천안,2023-11-22 16:00,14.7,51
232,천안,2023-11-22 17:00,13.5,58
232,천안,2023-11-22 18:00,11.8,69
232,천안,2023-11-22 19:00,8.2,82
232,천안,2023-11-22 20:00,8.5,81
232,천안,2023-11-22 21:00,8.2,84
232,천안,2023-11-22 22:00,8.1,87
232,천안,2023-11-22 23:00,8.2,88
232,천안,2023-11-23 00:00,8,89
232,천안,2023-11-23 01:00,7.1,92
232,천안,2023-11-23 02:00,7.5,91
232,천안,2023-11-23 03:00,8,90
232,천안,2023-11-23 04:00,8.3,89
232,천안,2023-11-23 05:00,8.7,90
232,천안,2023-11-23 06:00,8.6,92
232,천안,2023-11-23 07:00,8.8,95
232,천안,2023-11-23 08:00,8.5,97
232,천안,2023-11-23 09:00,11.3,83
232,천안,2023-11-23 10:00,13,66
232,천안,2023-11-23 11:00,14.5,47
232,천안,2023-11-23 12:00,15.1,48
232,천안,2023-11-23 13:00,15.6,37
232,천안,2023-11-23 14:00,16.2,34
232,천안,2023-11-23 15:00,15.7,39
232,천안,2023-11-23 16:00,15.2,32
232,천안,2023-11-23 17:00,13.3,49
232,천안,2023-11-23 18:00,12.5,59
232,천안,2023-11-23 19:00,11,67
232,천안,2023-11-23 20:00,8.3,66
232,천안,2023-11-23 21:00,6.6,65
232,천안,2023-11-23 22:00,6.1,68
232,천안,2023-11-23 23:00,5.3,65
232,천안,2023-11-24 00:00,4.3,67
232,천안,2023-11-24 01:00,4,68
232,천안,2023-11-24 02:00,3.2,68
232,천안,2023-11-24 03:00,2,60
232,천안,2023-11-24 04:00,1.2,62
232,천안,2023-11-24 05:00,.8,64
232,천안,2023-11-24 06:00,.3,62
232,천안,2023-11-24 07:00,.2,59
232,천안,2023-11-24 08:00,0,59
232,천안,2023-11-24 09:00,.8,54
232,천안,2023-11-24 10:00,1.2,47
232,천안,2023-11-24 11:00,1.7,44
232,천안,2023-11-24 12:00,2.2,42
232,천안,2023-11-24 13:00,2.8,36
232,천안,2023-11-24 14:00,3,40
232,천안,2023-11-24 15:00,2.5,45
232,천안,2023-11-24 16:00,1.8,45
232,천안,2023-11-24 17:00,1.1,50
232,천안,2023-11-24 18:00,.4,48
232,천안,2023-11-24 19:00,-.4,47
232,천안,2023-11-24 20:00,-.5,50
232,천안,2023-11-24 21:00,-.9,53
232,천안,2023-11-24 22:00,-1.4,56
232,천안,2023-11-24 23:00,-2,54
232,천안,2023-11-25 00:00,-2.5,48
232,천안,2023-11-25 01:00,-3.3,45
232,천안,2023-11-25 02:00,-4.3,54
232,천안,2023-11-25 03:00,-4.4,58
232,천안,2023-11-25 04:00,-4.2,58
232,천안,2023-11-25 05:00,-5.9,71
232,천안,2023-11-25 06:00,-6.5,79
232,천안,2023-11-25 07:00,-7,81
232,천안,2023-11-25 08:00,-6.2,80
232,천안,2023-11-25 09:00,-3.9,69
232,천안,2023-11-25 10:00,-1.8,46
232,천안,2023-11-25 11:00,-.3,37
232,천안,2023-11-25 12:00,.9,27
232,천안,2023-11-25 13:00,2.5,25
232,천안,2023-11-25 14:00,3.4,20
232,천안,2023-11-25 15:00,3.8,19
232,천안,2023-11-25 16:00,3.9,22
232,천안,2023-11-25 17:00,2.1,30
232,천안,2023-11-25 18:00,.8,38
232,천안,2023-11-25 19:00,-.5,43
232,천안,2023-11-25 20:00,-1.6,53
232,천안,2023-11-25 21:00,-2.2,62
232,천안,2023-11-25 22:00,-3.3,67
232,천안,2023-11-25 23:00,-3.4,67
232,천안,2023-11-26 00:00,-3.7,73
232,천안,2023-11-26 01:00,-3,71
232,천안,2023-11-26 02:00,-2.8,69
232,천안,2023-11-26 03:00,-2.2,69
232,천안,2023-11-26 04:00,-1.8,66
232,천안,2023-11-26 05:00,-1.4,65
232,천안,2023-11-26 06:00,-1.1,64
232,천안,2023-11-26 07:00,-1.3,66
232,천안,2023-11-26 08:00,-.6,63
232,천안,2023-11-26 09:00,.3,54
232,천안,2023-11-26 10:00,2.9,45
232,천안,2023-11-26 11:00,4,36
232,천안,2023-11-26 12:00,5.8,36
232,천안,2023-11-26 13:00,6.2,38
232,천안,2023-11-26 14:00,6.9,44
232,천안,2023-11-26 15:00,7.5,43
232,천안,2023-11-26 16:00,7.5,47
232,천안,2023-11-26 17:00,7.3,49
232,천안,2023-11-26 18:00,6.6,54
232,천안,2023-11-26 19:00,6,61
232,천안,2023-11-26 20:00,5.9,60
232,천안,2023-11-26 21:00,5.5,63
232,천안,2023-11-26 22:00,5.3,64
232,천안,2023-11-26 23:00,5.6,61
232,천안,2023-11-27 00:00,5.1,73
232,천안,2023-11-27 01:00,4.7,85
232,천안,2023-11-27 02:00,4.2,95
232,천안,2023-11-27 03:00,4.3,97
232,천안,2023-11-27 04:00,4.8,97
232,천안,2023-11-27 05:00,5,97
232,천안,2023-11-27 06:00,5.5,95
232,천안,2023-11-27 07:00,5.6,95
232,천안,2023-11-27 08:00,5.3,94
232,천안,2023-11-27 09:00,5.1,96
232,천안,2023-11-27 10:00,5.4,95
232,천안,2023-11-27 11:00,6.1,93
232,천안,2023-11-27 12:00,6.5,93
232,천안,2023-11-27 13:00,7.2,95
232,천안,2023-11-27 14:00,8.1,92
232,천안,2023-11-27 15:00,10.4,84
232,천안,2023-11-27 16:00,10.2,82
232,천안,2023-11-27 17:00,9.2,86
232,천안,2023-11-27 18:00,7.7,91
232,천안,2023-11-27 19:00,6.8,97
232,천안,2023-11-27 20:00,5.4,98
232,천안,2023-11-27 21:00,7.2,85
232,천안,2023-11-27 22:00,7.7,83
232,천안,2023-11-27 23:00,7.5,70
232,천안,2023-11-28 00:00,7.1,69
232,천안,2023-11-28 01:00,6.2,70
232,천안,2023-11-28 02:00,5.8,69
232,천안,2023-11-28 03:00,5.3,70
232,천안,2023-11-28 04:00,3.7,89
232,천안,2023-11-28 05:00,3.5,75
232,천안,2023-11-28 06:00,2.2,67
232,천안,2023-11-28 07:00,1,67
232,천안,2023-11-28 08:00,.8,69
232,천안,2023-11-28 09:00,2.8,53
232,천안,2023-11-28 10:00,3.9,36
232,천안,2023-11-28 11:00,5.2,41
232,천안,2023-11-28 12:00,4.4,42
232,천안,2023-11-28 13:00,4.7,43
232,천안,2023-11-28 14:00,4.7,52
232,천안,2023-11-28 15:00,4.5,57
232,천안,2023-11-28 16:00,3.6,65
232,천안,2023-11-28 17:00,2.5,73
232,천안,2023-11-28 18:00,1.8,76
232,천안,2023-11-28 19:00,1.5,80
232,천안,2023-11-28 20:00,1.1,86
232,천안,2023-11-28 21:00,.1,90
232,천안,2023-11-28 22:00,-.5,93
232,천안,2023-11-28 23:00,-1.1,94
232,천안,2023-11-29 00:00,-.7,94
232,천안,2023-11-29 01:00,.5,84
232,천안,2023-11-29 02:00,.9,73
232,천안,2023-11-29 03:00,.5,66
232,천안,2023-11-29 04:00,-.4,71
232,천안,2023-11-29 05:00,-1.3,82
232,천안,2023-11-29 06:00,-1.4,82
232,천안,2023-11-29 07:00,-1.5,83
232,천안,2023-11-29 08:00,-2.1,87
232,천안,2023-11-29 09:00,-.2,77
232,천안,2023-11-29 10:00,1.7,65
232,천안,2023-11-29 11:00,3,61
232,천안,2023-11-29 12:00,4.1,59
232,천안,2023-11-29 13:00,5,56
232,천안,2023-11-29 14:00,5.3,57
232,천안,2023-11-29 15:00,4.4,79
232,천안,2023-11-29 16:00,3.2,93
232,천안,2023-11-29 17:00,3.3,96
232,천안,2023-11-29 18:00,3.7,96
232,천안,2023-11-29 19:00,2.5,86
232,천안,2023-11-29 20:00,.8,77
232,천안,2023-11-29 21:00,.5,74
232,천안,2023-11-29 22:00,0,68
232,천안,2023-11-29 23:00,-.9,62
232,천안,2023-11-30 00:00,-1.3,56
232,천안,2023-11-30 01:00,-2,55
232,천안,2023-11-30 02:00,-2.5,54
232,천안,2023-11-30 03:00,-3.4,57
232,천안,2023-11-30 04:00,-4.1,56
232,천안,2023-11-30 05:00,-4.7,50
232,천안,2023-11-30 06:00,-5.1,52
232,천안,2023-11-30 07:00,-5.8,59
232,천안,2023-11-30 08:00,-5.3,51
232,천안,2023-11-30 09:00,-4.5,41
232,천안,2023-11-30 10:00,-3.4,40
232,천안,2023-11-30 12:00,-1.4,42
232,천안,2023-11-30 13:00,-.3,45
232,천안,2023-11-30 14:00,.3,47
232,천안,2023-11-30 15:00,.1,49
232,천안,2023-11-30 16:00,-.4,57
232,천안,2023-11-30 17:00,-.9,66
232,천안,2023-11-30 18:00,-1.5,66
232,천안,2023-11-30 19:00,-1.8,67
232,천안,2023-11-30 20:00,-2.3,71
232,천안,2023-11-30 21:00,-2.2,70
232,천안,2023-11-30 22:00,-2.5,75
232,천안,2023-11-30 23:00,-2.5,81
232,천안,2023-12-01 00:00,-2.3,80
232,천안,2023-12-01 01:00,-2.6,75
232,천안,2023-12-01 02:00,-3.2,66
232,천안,2023-12-01 03:00,-3.5,68
232,천안,2023-12-01 04:00,-4.3,67
232,천안,2023-12-01 05:00,-5.2,69
232,천안,2023-12-01 06:00,-6.6,80
232,천안,2023-12-01 07:00,-7.1,84
232,천안,2023-12-01 08:00,-6.8,83
232,천안,2023-12-01 09:00,-4.5,74
232,천안,2023-12-01 10:00,-2.6,61
232,천안,2023-12-01 11:00,-.5,47
232,천안,2023-12-01 12:00,.3,42
232,천안,2023-12-01 13:00,1.2,41
232,천안,2023-12-01 14:00,1.6,40
232,천안,2023-12-01 15:00,2.1,41
232,천안,2023-12-01 16:00,1.6,46
232,천안,2023-12-01 17:00,.3,53
232,천안,2023-12-01 18:00,-.5,57
232,천안,2023-12-01 19:00,-.8,60
232,천안,2023-12-01 20:00,-1.8,67
232,천안,2023-12-01 21:00,-2.4,74
232,천안,2023-12-01 22:00,-3.8,80
232,천안,2023-12-01 23:00,-4.9,84
232,천안,2023-12-02 00:00,-5.4,87
232,천안,2023-12-02 01:00,-5.7,88
232,천안,2023-12-02 02:00,-6.5,91
232,천안,2023-12-02 03:00,-6.5,91
232,천안,2023-12-02 04:00,-6,92
232,천안,2023-12-02 05:00,-5.2,90
232,천안,2023-12-02 06:00,-4.3,86
232,천안,2023-12-02 07:00,-3.4,86
232,천안,2023-12-02 08:00,-2.7,84
232,천안,2023-12-02 09:00,-1.9,83
232,천안,2023-12-02 10:00,-.2,77
232,천안,2023-12-02 11:00,.9,75
232,천안,2023-12-02 12:00,1.4,72
232,천안,2023-12-02 13:00,4.1,63
232,천안,2023-12-02 14:00,7.1,55
232,천안,2023-12-02 15:00,8.1,43
232,천안,2023-12-02 16:00,7.6,50
232,천안,2023-12-02 17:00,7.2,55
232,천안,2023-12-02 18:00,6.4,60
232,천안,2023-12-02 19:00,5.1,71
232,천안,2023-12-02 20:00,4.3,77
232,천안,2023-12-02 21:00,2.5,85
232,천안,2023-12-02 22:00,2,86
232,천안,2023-12-02 23:00,2.2,87
232,천안,2023-12-03 00:00,4.4,66
232,천안,2023-12-03 01:00,4.8,56
232,천안,2023-12-03 02:00,2.7,62
232,천안,2023-12-03 03:00,1.6,44
232,천안,2023-12-03 04:00,.4,50
232,천안,2023-12-03 05:00,-.4,56
232,천안,2023-12-03 06:00,-2.5,69
232,천안,2023-12-03 07:00,-3.4,76
232,천안,2023-12-03 08:00,-3.5,79
232,천안,2023-12-03 09:00,-1.5,72
232,천안,2023-12-03 10:00,1.7,54
232,천안,2023-12-03 11:00,4.1,49
232,천안,2023-12-03 12:00,4.7,48
232,천안,2023-12-03 13:00,5.4,40
232,천안,2023-12-03 14:00,6.1,40
232,천안,2023-12-03 15:00,6.1,38
232,천안,2023-12-03 16:00,6.2,42
232,천안,2023-12-03 17:00,5.1,41
232,천안,2023-12-03 18:00,3.5,49
232,천안,2023-12-03 19:00,1,63
232,천안,2023-12-03 20:00,-.6,71
232,천안,2023-12-03 21:00,-1.6,79
232,천안,2023-12-03 22:00,-2.4,81
232,천안,2023-12-03 23:00,-3.1,86
232,천안,2023-12-04 00:00,-3.6,87
232,천안,2023-12-04 01:00,-3.9,89
232,천안,2023-12-04 02:00,-4.3,92
232,천안,2023-12-04 03:00,-4.9,92
232,천안,2023-12-04 04:00,-5.4,93
232,천안,2023-12-04 05:00,-5.4,93
232,천안,2023-12-04 06:00,-5.8,93
232,천안,2023-12-04 07:00,-5.8,93
232,천안,2023-12-04 08:00,-5.6,92
232,천안,2023-12-04 09:00,-3.6,88
232,천안,2023-12-04 10:00,0,76
232,천안,2023-12-04 11:00,2.7,63
232,천안,2023-12-04 12:00,5.2,51
232,천안,2023-12-04 13:00,7.1,44
232,천안,2023-12-04 14:00,8.4,35
232,천안,2023-12-04 15:00,8.5,34
232,천안,2023-12-04 16:00,8.3,40
232,천안,2023-12-04 17:00,6.8,48
232,천안,2023-12-04 18:00,3.8,62
232,천안,2023-12-04 19:00,1.8,72
232,천안,2023-12-04 20:00,.7,80
232,천안,2023-12-04 21:00,0,83
232,천안,2023-12-04 22:00,-.6,85
232,천안,2023-12-04 23:00,-1.2,90
232,천안,2023-12-05 00:00,-1.5,91
232,천안,2023-12-05 01:00,-1.5,90
232,천안,2023-12-05 02:00,-2,90
232,천안,2023-12-05 03:00,-2.6,92
232,천안,2023-12-05 04:00,-2.7,93
232,천안,2023-12-05 05:00,-3.1,92
232,천안,2023-12-05 06:00,-3.2,92
232,천안,2023-12-05 07:00,-3,93
232,천안,2023-12-05 08:00,-2.9,92
232,천안,2023-12-05 09:00,-1.9,91
232,천안,2023-12-05 10:00,.8,79
232,천안,2023-12-05 11:00,4.7,56
232,천안,2023-12-05 12:00,8.3,48
232,천안,2023-12-05 13:00,9.4,47
232,천안,2023-12-05 14:00,10.3,44
232,천안,2023-12-05 15:00,11.1,44
232,천안,2023-12-05 16:00,10.6,45
232,천안,2023-12-05 17:00,9.5,50
232,천안,2023-12-05 18:00,6.3,61
232,천안,2023-12-05 19:00,3.4,77
232,천안,2023-12-05 20:00,2.3,81
232,천안,2023-12-05 21:00,1.8,83
232,천안,2023-12-05 22:00,1.2,85
232,천안,2023-12-05 23:00,.7,88
232,천안,2023-12-06 00:00,-.1,90
232,천안,2023-12-06 01:00,-.9,93
232,천안,2023-12-06 02:00,-1.2,95
232,천안,2023-12-06 03:00,-1.6,95
232,천안,2023-12-06 04:00,-1.5,95
232,천안,2023-12-06 05:00,-1.2,95
232,천안,2023-12-06 06:00,-.8,93
232,천안,2023-12-06 07:00,-1.3,95
232,천안,2023-12-06 08:00,-.8,95
232,천안,2023-12-06 09:00,.6,92
232,천안,2023-12-06 10:00,3.4,84
232,천안,2023-12-06 11:00,5.8,76
232,천안,2023-12-06 12:00,7.9,68
232,천안,2023-12-06 13:00,9.6,67
232,천안,2023-12-06 14:00,10.6,67
232,천안,2023-12-06 15:00,10.2,75
232,천안,2023-12-06 16:00,9,89
232,천안,2023-12-06 17:00,9.3,91
232,천안,2023-12-06 18:00,9.7,94
232,천안,2023-12-06 19:00,9.6,80
232,천안,2023-12-06 20:00,9,81
232,천안,2023-12-06 21:00,8.6,83
232,천안,2023-12-06 22:00,7.6,76
232,천안,2023-12-06 23:00,7.4,70
232,천안,2023-12-07 00:00,7.1,58
232,천안,2023-12-07 01:00,5.9,57
232,천안,2023-12-07 02:00,5.2,57
232,천안,2023-12-07 03:00,5.2,57
232,천안,2023-12-07 04:00,4.6,59
232,천안,2023-12-07 05:00,3.8,57
232,천안,2023-12-07 06:00,2.1,62
232,천안,2023-12-07 07:00,1,73
232,천안,2023-12-07 08:00,-.5,82
232,천안,2023-12-07 09:00,1.2,75
232,천안,2023-12-07 10:00,4.2,62
232,천안,2023-12-07 11:00,7,54
232,천안,2023-12-07 12:00,9.5,48
232,천안,2023-12-07 13:00,11.2,46
232,천안,2023-12-07 14:00,11.8,39
232,천안,2023-12-07 15:00,11.9,42
232,천안,2023-12-07 16:00,11.6,44
232,천안,2023-12-07 17:00,10.4,50
232,천안,2023-12-07 18:00,9.2,57
232,천안,2023-12-07 19:00,7.3,64
232,천안,2023-12-07 20:00,4.4,81
232,천안,2023-12-07 21:00,3,86
232,천안,2023-12-07 22:00,2.3,90
232,천안,2023-12-07 23:00,1.8,91
232,천안,2023-12-08 00:00,1.4,92
232,천안,2023-12-08 01:00,1.3,92
232,천안,2023-12-08 02:00,.9,92
232,천안,2023-12-08 03:00,.4,93
232,천안,2023-12-08 04:00,-.3,94
232,천안,2023-12-08 05:00,.5,92
232,천안,2023-12-08 06:00,.6,90
232,천안,2023-12-08 07:00,.7,91
232,천안,2023-12-08 08:00,.9,91
232,천안,2023-12-08 09:00,3.5,85
232,천안,2023-12-08 10:00,9.3,63
232,천안,2023-12-08 11:00,12,54
232,천안,2023-12-08 12:00,14,50
232,천안,2023-12-08 13:00,16.1,51
232,천안,2023-12-08 14:00,17.9,49
232,천안,2023-12-08 15:00,18.5,49
232,천안,2023-12-08 16:00,18.1,49
232,천안,2023-12-08 17:00,17.3,47
232,천안,2023-12-08 18:00,16.1,56
232,천안,2023-12-08 19:00,16,59
232,천안,2023-12-08 20:00,15.5,65
232,천안,2023-12-08 21:00,15.5,68
232,천안,2023-12-08 22:00,15.1,71
232,천안,2023-12-08 23:00,14.9,73
232,천안,2023-12-09 00:00,14.5,75
232,천안,2023-12-09 01:00,14.4,76
232,천안,2023-12-09 02:00,14,79
232,천안,2023-12-09 03:00,14.1,79
232,천안,2023-12-09 04:00,13.9,81
232,천안,2023-12-09 05:00,13.6,82
232,천안,2023-12-09 06:00,13.5,81
232,천안,2023-12-09 07:00,13.3,85
232,천안,2023-12-09 08:00,11.6,92
232,천안,2023-12-09 09:00,10.3,89
232,천안,2023-12-09 10:00,14.1,82
232,천안,2023-12-09 11:00,16.3,72
232,천안,2023-12-09 12:00,17.1,67
232,천안,2023-12-09 13:00,18.2,61
232,천안,2023-12-09 14:00,18.9,57
232,천안,2023-12-09 15:00,18.7,56
232,천안,2023-12-09 16:00,18.8,56
232,천안,2023-12-09 17:00,17.6,56
232,천안,2023-12-09 18:00,15.1,72
232,천안,2023-12-09 19:00,12,83
232,천안,2023-12-09 20:00,10.4,90
232,천안,2023-12-09 21:00,9.7,95
232,천안,2023-12-09 22:00,8.9,96
232,천안,2023-12-09 23:00,8.3,95
232,천안,2023-12-10 00:00,8.5,98
232,천안,2023-12-10 01:00,8,98
232,천안,2023-12-10 02:00,7.4,98
232,천안,2023-12-10 03:00,8.1,99
232,천안,2023-12-10 04:00,7.9,98
232,천안,2023-12-10 05:00,7.9,98
232,천안,2023-12-10 06:00,8,98
232,천안,2023-12-10 07:00,8.1,100
232,천안,2023-12-10 08:00,8.4,100
232,천안,2023-12-10 09:00,9,100
232,천안,2023-12-10 10:00,10.1,100
232,천안,2023-12-10 11:00,11,100
232,천안,2023-12-10 12:00,12.8,89
232,천안,2023-12-10 13:00,16,71
232,천안,2023-12-10 14:00,16.9,64
232,천안,2023-12-10 15:00,17.5,63
232,천안,2023-12-10 16:00,17.1,64
232,천안,2023-12-10 17:00,16,68
232,천안,2023-12-10 18:00,15.3,70
232,천안,2023-12-10 19:00,14.6,73
232,천안,2023-12-10 20:00,13.7,76
232,천안,2023-12-10 21:00,13.6,75
232,천안,2023-12-10 22:00,14.2,70
232,천안,2023-12-10 23:00,13.6,71
232,천안,2023-12-11 00:00,14,64
232,천안,2023-12-11 01:00,13.4,66
232,천안,2023-12-11 02:00,13.3,67
232,천안,2023-12-11 03:00,13.3,68
232,천안,2023-12-11 04:00,12.8,71
232,천안,2023-12-11 05:00,13.2,71
232,천안,2023-12-11 06:00,13.1,73
232,천안,2023-12-11 07:00,12.6,79
232,천안,2023-12-11 08:00,12.6,80
232,천안,2023-12-11 09:00,13.4,79
232,천안,2023-12-11 10:00,13.8,76
232,천안,2023-12-11 11:00,13.1,82
232,천안,2023-12-11 12:00,12.3,90
232,천안,2023-12-11 13:00,12.1,89
232,천안,2023-12-11 14:00,11.5,90
232,천안,2023-12-11 15:00,11.5,88
232,천안,2023-12-11 16:00,11.2,90
232,천안,2023-12-11 17:00,11.1,90
232,천안,2023-12-11 18:00,10.8,92
232,천안,2023-12-11 19:00,10.5,92
232,천안,2023-12-11 20:00,10.6,90
232,천안,2023-12-11 21:00,10.4,89
232,천안,2023-12-11 22:00,9.6,90
232,천안,2023-12-11 23:00,9.2,87
232,천안,2023-12-12 00:00,8.4,85
232,천안,2023-12-12 01:00,6.7,85
232,천안,2023-12-12 02:00,7.3,78
232,천안,2023-12-12 03:00,7.5,70
232,천안,2023-12-12 04:00,7.3,71
232,천안,2023-12-12 05:00,6.6,79
232,천안,2023-12-12 06:00,6.3,74
232,천안,2023-12-12 07:00,6,77
232,천안,2023-12-12 08:00,6.3,73
232,천안,2023-12-12 09:00,6.7,70
232,천안,2023-12-12 10:00,7,71
232,천안,2023-12-12 11:00,7.6,69
232,천안,2023-12-12 12:00,7.9,70
232,천안,2023-12-12 13:00,8.4,67
232,천안,2023-12-12 14:00,8.7,67
232,천안,2023-12-12 15:00,9.4,63
232,천안,2023-12-12 16:00,9.8,63
232,천안,2023-12-12 17:00,9.4,63
232,천안,2023-12-12 18:00,9.1,67
232,천안,2023-12-12 19:00,8.4,71
232,천안,2023-12-12 20:00,8.5,68
232,천안,2023-12-12 21:00,6.8,76
232,천안,2023-12-12 22:00,5.1,85
232,천안,2023-12-12 23:00,3.6,92
232,천안,2023-12-13 00:00,2.6,96
232,천안,2023-12-13 01:00,1.8,97
232,천안,2023-12-13 02:00,1.2,97
232,천안,2023-12-13 03:00,1.9,98
232,천안,2023-12-13 04:00,2.6,97
232,천안,2023-12-13 05:00,3.3,96
232,천안,2023-12-13 06:00,3.6,95
232,천안,2023-12-13 07:00,4,93
232,천안,2023-12-13 08:00,4.3,93
232,천안,2023-12-13 09:00,5.6,87
232,천안,2023-12-13 10:00,7.3,73
232,천안,2023-12-13 11:00,8.5,71
232,천안,2023-12-13 12:00,9.8,66
232,천안,2023-12-13 13:00,11.6,59
232,천안,2023-12-13 14:00,12.2,57
232,천안,2023-12-13 15:00,11.9,57
232,천안,2023-12-13 16:00,12,58
232,천안,2023-12-13 17:00,11.7,62
232,천안,2023-12-13 18:00,11,64
232,천안,2023-12-13 19:00,10,68
232,천안,2023-12-13 20:00,9.6,71
232,천안,2023-12-13 21:00,9.2,74
232,천안,2023-12-13 22:00,9.2,74
232,천안,2023-12-13 23:00,9.6,71
232,천안,2023-12-14 00:00,10,68
232,천안,2023-12-14 01:00,9.7,70
232,천안,2023-12-14 02:00,9.9,69
232,천안,2023-12-14 03:00,9.5,73
232,천안,2023-12-14 04:00,9.7,73
232,천안,2023-12-14 05:00,8.9,82
232,천안,2023-12-14 06:00,9.1,79
232,천안,2023-12-14 07:00,9.4,73
232,천안,2023-12-14 08:00,9.8,70
232,천안,2023-12-14 09:00,9.9,70
232,천안,2023-12-14 10:00,10.4,67
232,천안,2023-12-14 11:00,10.6,68
232,천안,2023-12-14 12:00,10.7,67
232,천안,2023-12-14 13:00,10.2,74
232,천안,2023-12-14 14:00,9.8,79
232,천안,2023-12-14 15:00,10,80
232,천안,2023-12-14 16:00,9.7,86
232,천안,2023-12-14 17:00,9.1,95
232,천안,2023-12-14 18:00,9.4,94
232,천안,2023-12-14 19:00,9.6,95
232,천안,2023-12-14 20:00,9.8,95
232,천안,2023-12-14 21:00,9.7,97
232,천안,2023-12-14 22:00,10.1,95
232,천안,2023-12-14 23:00,10,96
232,천안,2023-12-15 00:00,10,97
232,천안,2023-12-15 01:00,10.1,96
232,천안,2023-12-15 02:00,10,97
232,천안,2023-12-15 03:00,10,98
232,천안,2023-12-15 04:00,10,99
232,천안,2023-12-15 05:00,9.7,99
232,천안,2023-12-15 06:00,9.1,99
232,천안,2023-12-15 07:00,8.9,98
232,천안,2023-12-15 08:00,8.6,98
232,천안,2023-12-15 09:00,8.6,97
232,천안,2023-12-15 10:00,8.1,97
232,천안,2023-12-15 11:00,8.1,98
232,천안,2023-12-15 12:00,8,97
232,천안,2023-12-15 13:00,7.5,96
232,천안,2023-12-15 14:00,7.4,98
232,천안,2023-12-15 15:00,6.5,94
232,천안,2023-12-15 16:00,6.7,93
232,천안,2023-12-15 17:00,6.6,94
232,천안,2023-12-15 18:00,6.1,96
232,천안,2023-12-15 19:00,6,98
232,천안,2023-12-15 20:00,5.8,95
232,천안,2023-12-15 21:00,5.9,95
232,천안,2023-12-15 22:00,5.9,94
232,천안,2023-12-15 23:00,5.7,95
232,천안,2023-12-16 00:00,5.7,92
232,천안,2023-12-16 01:00,5.2,91
232,천안,2023-12-16 02:00,4.4,94
232,천안,2023-12-16 03:00,3.6,94
232,천안,2023-12-16 04:00,3.2,91
232,천안,2023-12-16 05:00,1.4,95
232,천안,2023-12-16 06:00,1.3,91
232,천안,2023-12-16 07:00,.9,85
232,천안,2023-12-16 08:00,.2,92
232,천안,2023-12-16 09:00,-.5,89
232,천안,2023-12-16 10:00,-.5,81
232,천안,2023-12-16 11:00,-1,88
232,천안,2023-12-16 12:00,-.9,79
232,천안,2023-12-16 13:00,-2.3,84
232,천안,2023-12-16 14:00,-2,68
232,천안,2023-12-16 15:00,-2.7,84
232,천안,2023-12-16 16:00,-2.7,74
232,천안,2023-12-16 17:00,-4.3,86
232,천안,2023-12-16 18:00,-4.2,85
232,천안,2023-12-16 19:00,-5.2,89
232,천안,2023-12-16 20:00,-6,86
232,천안,2023-12-16 21:00,-6.4,86
232,천안,2023-12-16 22:00,-6.7,80
232,천안,2023-12-16 23:00,-7.2,76
232,천안,2023-12-17 00:00,-7.8,76
232,천안,2023-12-17 01:00,-8.5,65
232,천안,2023-12-17 02:00,-9.6,68
232,천안,2023-12-17 03:00,-10.1,68
232,천안,2023-12-17 04:00,-10.6,65
232,천안,2023-12-17 05:00,-10.4,67
232,천안,2023-12-17 06:00,-11.8,79
232,천안,2023-12-17 07:00,-12.1,80
232,천안,2023-12-17 08:00,-11.7,74
232,천안,2023-12-17 09:00,-10.1,58
232,천안,2023-12-17 10:00,-8.8,51
232,천안,2023-12-17 11:00,-8.2,48
232,천안,2023-12-17 12:00,-7.8,48
232,천안,2023-12-17 13:00,-6.9,49
232,천안,2023-12-17 14:00,-6.4,49
232,천안,2023-12-17 15:00,-6.3,49
232,천안,2023-12-17 16:00,-6.4,51
232,천안,2023-12-17 17:00,-7.1,55
232,천안,2023-12-17 18:00,-7.9,62
232,천안,2023-12-17 19:00,-8.5,69
232,천안,2023-12-17 20:00,-8.7,67
232,천안,2023-12-17 21:00,-9.5,75
232,천안,2023-12-17 22:00,-10,85
232,천안,2023-12-17 23:00,-10.7,83
232,천안,2023-12-18 00:00,-11.5,87
232,천안,2023-12-18 01:00,-11.8,89
232,천안,2023-12-18 02:00,-12.3,90
232,천안,2023-12-18 03:00,-12.8,88
232,천안,2023-12-18 04:00,-13.1,86
232,천안,2023-12-18 05:00,-13.2,87
232,천안,2023-12-18 06:00,-13.1,87
232,천안,2023-12-18 07:00,-12.8,87
232,천안,2023-12-18 08:00,-12.6,87
232,천안,2023-12-18 09:00,-11.4,83
232,천안,2023-12-18 10:00,-9.5,78
232,천안,2023-12-18 11:00,-7.1,35
232,천안,2023-12-18 12:00,-5.8,47
232,천안,2023-12-18 13:00,-4.6,45
232,천안,2023-12-18 14:00,-3.9,46
232,천안,2023-12-18 15:00,-3.9,49
232,천안,2023-12-18 16:00,-3.9,52
232,천안,2023-12-18 17:00,-4.4,56
232,천안,2023-12-18 18:00,-4.7,57
232,천안,2023-12-18 19:00,-5.2,62
232,천안,2023-12-18 20:00,-5.3,70
232,천안,2023-12-18 21:00,-5.4,69
232,천안,2023-12-18 22:00,-5.4,72
232,천안,2023-12-18 23:00,-5.4,73
232,천안,2023-12-19 00:00,-5.5,79
232,천안,2023-12-19 01:00,-5.6,79
232,천안,2023-12-19 02:00,-5.8,81
232,천안,2023-12-19 03:00,-6,79
232,천안,2023-12-19 04:00,-6.7,84
232,천안,2023-12-19 05:00,-7.8,88
232,천안,2023-12-19 06:00,-7.9,86
232,천안,2023-12-19 07:00,-8.9,90
232,천안,2023-12-19 08:00,-8.6,87
232,천안,2023-12-19 09:00,-7.5,79
232,천안,2023-12-19 10:00,-5.7,72
232,천안,2023-12-19 11:00,-3.2,59
232,천안,2023-12-19 12:00,-2.2,49
232,천안,2023-12-19 13:00,-1.3,38
232,천안,2023-12-19 14:00,-.5,44
232,천안,2023-12-19 15:00,.2,43
232,천안,2023-12-19 16:00,.4,41
232,천안,2023-12-19 17:00,.4,43
232,천안,2023-12-19 18:00,0,56
232,천안,2023-12-19 19:00,-.4,64
232,천안,2023-12-19 20:00,-.7,71
232,천안,2023-12-19 21:00,-1.6,76
232,천안,2023-12-19 22:00,-2,79
232,천안,2023-12-19 23:00,-2,83
232,천안,2023-12-20 00:00,-2.3,90
232,천안,2023-12-20 01:00,-2.1,92
232,천안,2023-12-20 02:00,-1.6,95
232,천안,2023-12-20 03:00,-1.5,84
232,천안,2023-12-20 04:00,-2.7,74
232,천안,2023-12-20 05:00,-3.7,70
232,천안,2023-12-20 06:00,-4,66
232,천안,2023-12-20 07:00,-4.8,69
232,천안,2023-12-20 08:00,-5.2,76
232,천안,2023-12-20 09:00,-5.3,80
232,천안,2023-12-20 10:00,-5,78
232,천안,2023-12-20 11:00,-4.8,74
232,천안,2023-12-20 12:00,-4.3,61
232,천안,2023-12-20 13:00,-4.7,63
232,천안,2023-12-20 14:00,-4.1,61
232,천안,2023-12-20 15:00,-5.3,65
232,천안,2023-12-20 16:00,-5.9,62
232,천안,2023-12-20 17:00,-6.6,71
232,천안,2023-12-20 18:00,-6.9,67
232,천안,2023-12-20 19:00,-7.4,60
232,천안,2023-12-20 20:00,-7.9,56
232,천안,2023-12-20 21:00,-8.3,57
232,천안,2023-12-20 22:00,-8.5,57
232,천안,2023-12-20 23:00,-8.8,57
232,천안,2023-12-21 00:00,-9.5,57
232,천안,2023-12-21 01:00,-9.7,55
232,천안,2023-12-21 02:00,-10.3,56
232,천안,2023-12-21 03:00,-11.2,62
232,천안,2023-12-21 04:00,-10.9,59
232,천안,2023-12-21 05:00,-11.1,60
232,천안,2023-12-21 06:00,-11.3,60
232,천안,2023-12-21 07:00,-11.5,62
232,천안,2023-12-21 08:00,-12,62
232,천안,2023-12-21 09:00,-11.1,59
232,천안,2023-12-21 10:00,-10.1,56
232,천안,2023-12-21 11:00,-9.3,58
232,천안,2023-12-21 12:00,-8,59
232,천안,2023-12-21 13:00,-7.2,58
232,천안,2023-12-21 14:00,-7.1,54
232,천안,2023-12-21 15:00,-6.9,47
232,천안,2023-12-21 16:00,-7.3,48
232,천안,2023-12-21 17:00,-8.2,56
232,천안,2023-12-21 18:00,-9,61
232,천안,2023-12-21 19:00,-9.7,66
232,천안,2023-12-21 20:00,-9.8,69
232,천안,2023-12-21 21:00,-9.7,70
232,천안,2023-12-21 22:00,-9.4,63
232,천안,2023-12-21 23:00,-9.5,61
232,천안,2023-12-22 00:00,-10.6,65
232,천안,2023-12-22 01:00,-10.6,57
232,천안,2023-12-22 02:00,-11.1,56
232,천안,2023-12-22 03:00,-11.6,54
232,천안,2023-12-22 04:00,-12,54
232,천안,2023-12-22 05:00,-12.7,58
232,천안,2023-12-22 06:00,-13.4,61
232,천안,2023-12-22 07:00,-13.9,64
232,천안,2023-12-22 08:00,-14.1,70
232,천안,2023-12-22 09:00,-11.9,60
232,천안,2023-12-22 10:00,-10.7,47
232,천안,2023-12-22 11:00,-9.6,45
232,천안,2023-12-22 12:00,-8.8,42
232,천안,2023-12-22 13:00,-7.6,42
232,천안,2023-12-22 14:00,-7,44
232,천안,2023-12-22 15:00,-6.6,50
232,천안,2023-12-22 16:00,-6.8,57
232,천안,2023-12-22 17:00,-7.6,68
232,천안,2023-12-22 18:00,-7.8,64
232,천안,2023-12-22 19:00,-8.4,64
232,천안,2023-12-22 20:00,-8.4,58
232,천안,2023-12-22 21:00,-9.2,61
232,천안,2023-12-22 22:00,-10.2,66
232,천안,2023-12-22 23:00,-11.1,72
232,천안,2023-12-23 00:00,-12,80
232,천안,2023-12-23 01:00,-12.7,83
232,천안,2023-12-23 02:00,-13.2,83
232,천안,2023-12-23 03:00,-13.6,85
232,천안,2023-12-23 04:00,-13.5,85
232,천안,2023-12-23 05:00,-14.4,86
232,천안,2023-12-23 06:00,-14.3,86
232,천안,2023-12-23 07:00,-14.6,87
232,천안,2023-12-23 08:00,-14.7,86
232,천안,2023-12-23 09:00,-12.5,83
232,천안,2023-12-23 10:00,-9.8,69
232,천안,2023-12-23 11:00,-7.3,59
232,천안,2023-12-23 12:00,-5.2,50
232,천안,2023-12-23 13:00,-4.1,46
232,천안,2023-12-23 14:00,-2.9,44
232,천안,2023-12-23 15:00,-2.5,45
232,천안,2023-12-23 16:00,-2.3,46
232,천안,2023-12-23 17:00,-2.8,50
232,천안,2023-12-23 18:00,-3.4,52
232,천안,2023-12-23 19:00,-3.6,63
232,천안,2023-12-23 20:00,-3.4,62
232,천안,2023-12-23 21:00,-3.8,65
232,천안,2023-12-23 22:00,-3.7,67
232,천안,2023-12-23 23:00,-3.9,70
232,천안,2023-12-24 00:00,-4.6,71
232,천안,2023-12-24 01:00,-4.4,73
232,천안,2023-12-24 02:00,-4.3,72
232,천안,2023-12-24 03:00,-4.2,72
232,천안,2023-12-24 04:00,-4.1,75
232,천안,2023-12-24 05:00,-4,76
232,천안,2023-12-24 06:00,-3.7,71
232,천안,2023-12-24 07:00,-4,76
232,천안,2023-12-24 08:00,-4.3,83
232,천안,2023-12-24 09:00,-4.2,83
232,천안,2023-12-24 10:00,-3.1,79
232,천안,2023-12-24 11:00,-2.1,79
232,천안,2023-12-24 12:00,-.9,74
232,천안,2023-12-24 13:00,.6,70
232,천안,2023-12-24 14:00,1.5,61
232,천안,2023-12-24 15:00,2.6,53
232,천안,2023-12-24 16:00,1.8,50
232,천안,2023-12-24 17:00,1.1,57
232,천안,2023-12-24 18:00,-.5,67
232,천안,2023-12-24 19:00,-1.6,77
232,천안,2023-12-24 20:00,-1.5,79
232,천안,2023-12-24 21:00,-1.4,79
232,천안,2023-12-24 22:00,-1.6,82
232,천안,2023-12-24 23:00,-2.5,85
232,천안,2023-12-25 00:00,-3.1,88
232,천안,2023-12-25 01:00,-4,91
232,천안,2023-12-25 02:00,-3.8,90
232,천안,2023-12-25 03:00,-4.2,92
232,천안,2023-12-25 04:00,-4.6,93
232,천안,2023-12-25 05:00,-5.3,94
232,천안,2023-12-25 06:00,-4.8,94
232,천안,2023-12-25 07:00,-4.5,94
232,천안,2023-12-25 08:00,-4.1,94
232,천안,2023-12-25 09:00,-3.9,93
232,천안,2023-12-25 10:00,-1.8,90
232,천안,2023-12-25 11:00,.1,81
232,천안,2023-12-25 12:00,1.5,77
232,천안,2023-12-25 13:00,1.5,73
232,천안,2023-12-25 14:00,1,82
232,천안,2023-12-25 15:00,1.1,81
232,천안,2023-12-25 16:00,1.3,80
232,천안,2023-12-25 17:00,1.1,82
232,천안,2023-12-25 18:00,.3,88
232,천안,2023-12-25 19:00,.1,90
232,천안,2023-12-25 20:00,-1.1,94
232,천안,2023-12-25 21:00,-2.3,96
232,천안,2023-12-25 22:00,-2.5,96
232,천안,2023-12-25 23:00,-2.8,95
232,천안,2023-12-26 00:00,-2.6,95
232,천안,2023-12-26 01:00,-2.4,95
232,천안,2023-12-26 02:00,-2.1,95
232,천안,2023-12-26 03:00,-1.8,94
232,천안,2023-12-26 04:00,-1.8,95
232,천안,2023-12-26 05:00,-2,95
232,천안,2023-12-26 06:00,-2,96
232,천안,2023-12-26 07:00,-1.8,95
232,천안,2023-12-26 08:00,-2.1,96
232,천안,2023-12-26 09:00,-1.6,95
232,천안,2023-12-26 10:00,.4,86
232,천안,2023-12-26 11:00,2.4,79
232,천안,2023-12-26 12:00,4.3,71
232,천안,2023-12-26 13:00,6.3,58
232,천안,2023-12-26 14:00,6.2,59
232,천안,2023-12-26 15:00,6.1,63
232,천안,2023-12-26 16:00,6.3,62
232,천안,2023-12-26 17:00,5.4,65
232,천안,2023-12-26 18:00,2.9,76
232,천안,2023-12-26 19:00,1.4,86
232,천안,2023-12-26 20:00,-.2,91
232,천안,2023-12-26 21:00,-.7,94
232,천안,2023-12-26 22:00,-.8,94
232,천안,2023-12-26 23:00,-1,94
232,천안,2023-12-27 00:00,-1.2,96
232,천안,2023-12-27 01:00,-1.8,96
232,천안,2023-12-27 02:00,-1.9,97
232,천안,2023-12-27 03:00,-2.2,97
232,천안,2023-12-27 04:00,-2.2,97
232,천안,2023-12-27 05:00,-2.8,97
232,천안,2023-12-27 06:00,-3.2,96
232,천안,2023-12-27 07:00,-3.6,96
232,천안,2023-12-27 08:00,-3.7,96
232,천안,2023-12-27 09:00,-2.6,95
232,천안,2023-12-27 10:00,-.7,93
232,천안,2023-12-27 11:00,2.4,83
232,천안,2023-12-27 12:00,4.9,69
232,천안,2023-12-27 13:00,6.5,62
232,천안,2023-12-27 14:00,6.9,60
232,천안,2023-12-27 15:00,7.1,57
232,천안,2023-12-27 16:00,7.3,57
232,천안,2023-12-27 17:00,6.2,61
232,천안,2023-12-27 18:00,3,79
232,천안,2023-12-27 19:00,1.2,86
232,천안,2023-12-27 20:00,.3,91
232,천안,2023-12-27 21:00,-.4,94
232,천안,2023-12-27 22:00,-1.1,96
232,천안,2023-12-27 23:00,-1.4,96
232,천안,2023-12-28 00:00,-2,97
232,천안,2023-12-28 01:00,-2.1,97
232,천안,2023-12-28 02:00,-2.3,97
232,천안,2023-12-28 03:00,-3.3,96
232,천안,2023-12-28 04:00,-3.5,97
232,천안,2023-12-28 05:00,-3.4,97
232,천안,2023-12-28 06:00,-3.2,98
232,천안,2023-12-28 07:00,-3,98
232,천안,2023-12-28 08:00,-3.1,98
232,천안,2023-12-28 09:00,-2.6,98
232,천안,2023-12-28 10:00,-1.8,99
232,천안,2023-12-28 11:00,-.9,99
232,천안,2023-12-28 12:00,.5,100
232,천안,2023-12-28 13:00,4.2,84
232,천안,2023-12-28 14:00,5,65
232,천안,2023-12-28 15:00,4.4,69
232,천안,2023-12-28 16:00,4.1,70
232,천안,2023-12-28 17:00,3.8,71
232,천안,2023-12-28 18:00,2.7,78
232,천안,2023-12-28 19:00,1.2,85
232,천안,2023-12-28 20:00,-.3,91
232,천안,2023-12-28 21:00,-1.3,93
232,천안,2023-12-28 22:00,-1.5,95
232,천안,2023-12-28 23:00,-.9,93
232,천안,2023-12-29 00:00,-.7,94
232,천안,2023-12-29 01:00,-.7,93
232,천안,2023-12-29 02:00,-.5,92
232,천안,2023-12-29 03:00,-.4,93
232,천안,2023-12-29 04:00,-.7,94
232,천안,2023-12-29 05:00,-1.2,95
232,천안,2023-12-29 06:00,-1.8,97
232,천안,2023-12-29 07:00,-2.4,97
232,천안,2023-12-29 08:00,-2.9,97
232,천안,2023-12-29 09:00,-1.8,96
232,천안,2023-12-29 10:00,-.5,93
232,천안,2023-12-29 11:00,2.1,78
232,천안,2023-12-29 12:00,3.7,67
232,천안,2023-12-29 13:00,5.3,59
232,천안,2023-12-29 14:00,5.9,57
232,천안,2023-12-29 15:00,5.7,59
232,천안,2023-12-29 16:00,5,61
232,천안,2023-12-29 17:00,3.9,66
232,천안,2023-12-29 18:00,2.5,74
232,천안,2023-12-29 19:00,.5,84
232,천안,2023-12-29 20:00,-.2,88
232,천안,2023-12-29 21:00,-1,91
232,천안,2023-12-29 22:00,-1.6,93
232,천안,2023-12-29 23:00,-1.8,94
232,천안,2023-12-30 00:00,-2.5,95
232,천안,2023-12-30 01:00,-3.1,95
232,천안,2023-12-30 02:00,-3.4,96
232,천안,2023-12-30 03:00,-3.5,95
232,천안,2023-12-30 04:00,-3.8,96
232,천안,2023-12-30 05:00,-4.2,95
232,천안,2023-12-30 06:00,-3.2,96
232,천안,2023-12-30 07:00,-2.8,95
232,천안,2023-12-30 08:00,-2.4,96
232,천안,2023-12-30 09:00,-1.6,95
232,천안,2023-12-30 10:00,-.6,94
232,천안,2023-12-30 11:00,.2,89
232,천안,2023-12-30 12:00,1.2,87
232,천안,2023-12-30 13:00,1.8,80
232,천안,2023-12-30 14:00,2.4,75
232,천안,2023-12-30 15:00,1.8,85
232,천안,2023-12-30 16:00,1.7,89
232,천안,2023-12-30 17:00,1.6,94
232,천안,2023-12-30 18:00,1.6,94
232,천안,2023-12-30 19:00,1.7,93
232,천안,2023-12-30 20:00,1.6,95
232,천안,2023-12-30 21:00,1.8,94
232,천안,2023-12-30 22:00,2.6,90
232,천안,2023-12-30 23:00,2.5,95
232,천안,2023-12-31 00:00,2.4,98
232,천안,2023-12-31 01:00,2.5,98
232,천안,2023-12-31 02:00,2.5,99
232,천안,2023-12-31 03:00,2.6,100
232,천안,2023-12-31 04:00,2.6,100
232,천안,2023-12-31 05:00,2.6,100
232,천안,2023-12-31 06:00,2.9,100
232,천안,2023-12-31 07:00,2.9,100
232,천안,2023-12-31 08:00,4.8,97
232,천안,2023-12-31 09:00,4.1,90
232,천안,2023-12-31 10:00,3.9,86
232,천안,2023-12-31 11:00,4.2,83
232,천안,2023-12-31 12:00,4,83
232,천안,2023-12-31 13:00,4,81
232,천안,2023-12-31 14:00,4.4,80
232,천안,2023-12-31 15:00,4.3,79
232,천안,2023-12-31 16:00,4.3,81
232,천안,2023-12-31 17:00,4.2,82
232,천안,2023-12-31 18:00,4,84
232,천안,2023-12-31 19:00,3.7,86
232,천안,2023-12-31 20:00,3.6,88
232,천안,2023-12-31 21:00,3.2,91
232,천안,2023-12-31 22:00,3,93
232,천안,2023-12-31 23:00,2.7,95
232,천안,2024-01-01 00:00,2.2,96
232,천안,2024-01-01 01:00,1.5,98
232,천안,2024-01-01 02:00,.5,99
232,천안,2024-01-01 03:00,0,99
232,천안,2024-01-01 04:00,-1,99
232,천안,2024-01-01 05:00,-.8,100
232,천안,2024-01-01 06:00,-1.1,100
232,천안,2024-01-01 07:00,-1.3,100
232,천안,2024-01-01 08:00,-1,100
232,천안,2024-01-01 09:00,-.5,100
232,천안,2024-01-01 10:00,0,100
232,천안,2024-01-01 11:00,.8,100
232,천안,2024-01-01 12:00,1.6,100
232,천안,2024-01-01 13:00,3.6,88
232,천안,2024-01-01 14:00,5.6,74
232,천안,2024-01-01 15:00,6.9,66
232,천안,2024-01-01 16:00,7.1,63
232,천안,2024-01-01 17:00,6.8,66
232,천안,2024-01-01 18:00,5.8,73
232,천안,2024-01-01 19:00,4.5,82
232,천안,2024-01-01 20:00,3.8,88
232,천안,2024-01-01 21:00,3.7,89
232,천안,2024-01-01 22:00,3.5,90
232,천안,2024-01-01 23:00,3.5,90
232,천안,2024-01-02 00:00,3.5,91
232,천안,2024-01-02 01:00,3.5,92
232,천안,2024-01-02 02:00,3.1,93
232,천안,2024-01-02 03:00,3.2,93
232,천안,2024-01-02 04:00,2.9,94
232,천안,2024-01-02 05:00,2.7,95
232,천안,2024-01-02 06:00,2.7,95
232,천안,2024-01-02 07:00,2.5,96
232,천안,2024-01-02 08:00,2.6,96
232,천안,2024-01-02 09:00,2.7,95
232,천안,2024-01-02 10:00,3.3,94
232,천안,2024-01-02 11:00,4.2,90
232,천안,2024-01-02 12:00,5.2,82
232,천안,2024-01-02 13:00,5.4,79
232,천안,2024-01-02 14:00,5.3,75
232,천안,2024-01-02 15:00,5.1,73
232,천안,2024-01-02 16:00,5.1,71
232,천안,2024-01-02 17:00,4.3,74
232,천안,2024-01-02 18:00,3.3,75
232,천안,2024-01-02 19:00,2.8,79
232,천안,2024-01-02 20:00,1.9,85
232,천안,2024-01-02 21:00,.7,91
232,천안,2024-01-02 22:00,.4,93
232,천안,2024-01-02 23:00,0,94
232,천안,2024-01-03 00:00,-.1,94
232,천안,2024-01-03 01:00,-.1,95
232,천안,2024-01-03 02:00,-.1,96
232,천안,2024-01-03 03:00,0,95
232,천안,2024-01-03 04:00,.3,94
232,천안,2024-01-03 05:00,.3,95
232,천안,2024-01-03 06:00,.2,95
232,천안,2024-01-03 07:00,.1,95
232,천안,2024-01-03 08:00,.4,93
232,천안,2024-01-03 09:00,.8,93
232,천안,2024-01-03 10:00,1.3,89
232,천안,2024-01-03 11:00,2.5,79
232,천안,2024-01-03 12:00,2.8,86
232,천안,2024-01-03 13:00,3.2,88
232,천안,2024-01-03 14:00,4.6,78
232,천안,2024-01-03 15:00,4,84
232,천안,2024-01-03 16:00,3,91
232,천안,2024-01-03 17:00,3,92
232,천안,2024-01-03 18:00,2.5,92
232,천안,2024-01-03 19:00,2.5,89
232,천안,2024-01-03 20:00,2.2,87
232,천안,2024-01-03 21:00,1.8,85
232,천안,2024-01-03 22:00,.4,94
232,천안,2024-01-03 23:00,-.3,96
232,천안,2024-01-04 00:00,-1,91
232,천안,2024-01-04 01:00,-1.5,92
232,천안,2024-01-04 02:00,-1.8,96
232,천안,2024-01-04 03:00,-3.1,94
232,천안,2024-01-04 04:00,-3.4,94
232,천안,2024-01-04 05:00,-4.3,94
232,천안,2024-01-04 06:00,-4.6,95
232,천안,2024-01-04 07:00,-5.1,94
232,천안,2024-01-04 08:00,-4.9,94
232,천안,2024-01-04 09:00,-3.4,94
232,천안,2024-01-04 10:00,-1.4,85
232,천안,2024-01-04 11:00,1.3,78
232,천안,2024-01-04 12:00,3.1,70
232,천안,2024-01-04 13:00,4.1,64
232,천안,2024-01-04 14:00,4.3,63
232,천안,2024-01-04 15:00,4.6,64
232,천안,2024-01-04 16:00,5,61
232,천안,2024-01-04 17:00,4.9,66
232,천안,2024-01-04 18:00,4.6,65
232,천안,2024-01-04 19:00,3.1,71
232,천안,2024-01-04 20:00,1.2,86
232,천안,2024-01-04 21:00,0,90
232,천안,2024-01-04 22:00,-.8,93
232,천안,2024-01-04 23:00,-.7,94
232,천안,2024-01-05 00:00,-.7,94
232,천안,2024-01-05 01:00,-.7,94
232,천안,2024-01-05 02:00,-1,95
232,천안,2024-01-05 03:00,-1.6,97
232,천안,2024-01-05 04:00,-1.6,96
232,천안,2024-01-05 05:00,-.9,96
232,천안,2024-01-05 06:00,-.3,95
232,천안,2024-01-05 07:00,.3,94
232,천안,2024-01-05 08:00,1,95
232,천안,2024-01-05 09:00,1.4,93
232,천안,2024-01-05 10:00,2.2,93
232,천안,2024-01-05 11:00,3.4,92
232,천안,2024-01-05 12:00,6.6,80
232,천안,2024-01-05 13:00,7.8,76
232,천안,2024-01-05 14:00,9.4,70
232,천안,2024-01-05 15:00,10,65
232,천안,2024-01-05 16:00,9.6,61
232,천안,2024-01-05 17:00,8.5,65
232,천안,2024-01-05 18:00,7.2,71
232,천안,2024-01-05 19:00,6.2,78
232,천안,2024-01-05 20:00,4.8,86
232,천안,2024-01-05 21:00,4.1,89
232,천안,2024-01-05 22:00,2.5,92
232,천안,2024-01-05 23:00,1.5,94
232,천안,2024-01-06 00:00,.3,97
232,천안,2024-01-06 01:00,-.3,98
232,천안,2024-01-06 02:00,-.9,96
232,천안,2024-01-06 03:00,-.7,95
232,천안,2024-01-06 04:00,-.9,94
232,천안,2024-01-06 05:00,.3,87
232,천안,2024-01-06 06:00,-.2,82
232,천안,2024-01-06 07:00,-.3,81
232,천안,2024-01-06 08:00,-.4,80
232,천안,2024-01-06 09:00,.6,71
232,천안,2024-01-06 10:00,1.7,56
232,천안,2024-01-06 11:00,2.7,46
232,천안,2024-01-06 12:00,3.8,41
232,천안,2024-01-06 13:00,4.5,38
232,천안,2024-01-06 14:00,5,36
232,천안,2024-01-06 15:00,4.9,33
232,천안,2024-01-06 16:00,4.8,35
232,천안,2024-01-06 17:00,3.7,42
232,천안,2024-01-06 18:00,2.5,44
232,천안,2024-01-06 19:00,.8,54
232,천안,2024-01-06 20:00,-.3,60
232,천안,2024-01-06 21:00,-.4,86
232,천안,2024-01-06 22:00,-.6,92
232,천안,2024-01-06 23:00,-.9,95
232,천안,2024-01-07 00:00,-.3,97
232,천안,2024-01-07 01:00,.2,81
232,천안,2024-01-07 02:00,-.3,78
232,천안,2024-01-07 03:00,-1.4,73
232,천안,2024-01-07 04:00,-1.8,68
232,천안,2024-01-07 05:00,-1.9,73
232,천안,2024-01-07 06:00,-1.9,71
232,천안,2024-01-07 07:00,-2.1,76
232,천안,2024-01-07 08:00,-2.6,69
232,천안,2024-01-07 09:00,-2.3,52
232,천안,2024-01-07 10:00,-1.9,43
232,천안,2024-01-07 11:00,-1.6,43
232,천안,2024-01-07 12:00,-1.1,46
232,천안,2024-01-07 13:00,-.2,45
232,천안,2024-01-07 14:00,-.3,49
232,천안,2024-01-07 15:00,-1.3,56
232,천안,2024-01-07 16:00,-1.3,53
232,천안,2024-01-07 17:00,-2,55
232,천안,2024-01-07 18:00,-2.7,56
232,천안,2024-01-07 19:00,-3.5,53
232,천안,2024-01-07 20:00,-4.1,52
232,천안,2024-01-07 21:00,-4.5,55
232,천안,2024-01-07 22:00,-4.8,55
232,천안,2024-01-07 23:00,-5.3,56
232,천안,2024-01-08 00:00,-5.8,58
232,천안,2024-01-08 01:00,-6.4,59
232,천안,2024-01-08 02:00,-6.8,60
232,천안,2024-01-08 03:00,-7.7,65
232,천안,2024-01-08 04:00,-8.2,70
232,천안,2024-01-08 05:00,-9.4,80
232,천안,2024-01-08 06:00,-9.9,81
232,천안,2024-01-08 07:00,-10.7,84
232,천안,2024-01-08 08:00,-10.8,85
232,천안,2024-01-08 09:00,-8.8,80
232,천안,2024-01-08 10:00,-5.8,65
232,천안,2024-01-08 11:00,-4.5,56
232,천안,2024-01-08 12:00,-2.4,46
232,천안,2024-01-08 13:00,-1.4,37
232,천안,2024-01-08 14:00,-.2,28
232,천안,2024-01-08 15:00,.5,30
232,천안,2024-01-08 16:00,.5,33
232,천안,2024-01-08 17:00,-.1,39
232,천안,2024-01-08 18:00,-1.4,40
232,천안,2024-01-08 19:00,-2.7,50
232,천안,2024-01-08 20:00,-3.8,57
232,천안,2024-01-08 21:00,-5.2,67
232,천안,2024-01-08 22:00,-6.1,74
232,천안,2024-01-08 23:00,-5.6,72
232,천안,2024-01-09 00:00,-5,72
232,천안,2024-01-09 01:00,-5,75
232,천안,2024-01-09 02:00,-4.2,72
232,천안,2024-01-09 03:00,-3.6,75
232,천안,2024-01-09 04:00,-3,64
232,천안,2024-01-09 05:00,-2.4,59
232,천안,2024-01-09 06:00,-2.1,59
232,천안,2024-01-09 07:00,-2,60
232,천안,2024-01-09 08:00,-1.6,59
232,천안,2024-01-09 09:00,-1.1,60
232,천안,2024-01-09 10:00,-.4,61
232,천안,2024-01-09 11:00,.6,61
232,천안,2024-01-09 12:00,1.1,62
232,천안,2024-01-09 13:00,.9,76
232,천안,2024-01-09 14:00,.6,89
232,천안,2024-01-09 15:00,.6,95
232,천안,2024-01-09 18:00,.6,98
232,천안,2024-01-09 19:00,.6,99
232,천안,2024-01-09 20:00,.5,99
232,천안,2024-01-10 01:00,.4,99
232,천안,2024-01-10 02:00,.7,97
232,천안,2024-01-10 03:00,.1,94
232,천안,2024-01-10 04:00,.3,91
232,천안,2024-01-10 05:00,-.5,89
232,천안,2024-01-10 06:00,-2,93
232,천안,2024-01-10 07:00,-2.3,96
232,천안,2024-01-10 08:00,-2,96
232,천안,2024-01-10 09:00,-1.5,93
232,천안,2024-01-10 10:00,-1.3,89
232,천안,2024-01-10 11:00,-.8,87
232,천안,2024-01-10 12:00,-.4,85
232,천안,2024-01-10 13:00,.1,84
232,천안,2024-01-10 14:00,.6,82
232,천안,2024-01-10 15:00,.5,81
232,천안,2024-01-10 16:00,.4,84
232,천안,2024-01-10 17:00,.5,81
232,천안,2024-01-10 18:00,.2,86
232,천안,2024-01-10 19:00,.1,83
232,천안,2024-01-10 20:00,-.4,84
232,천안,2024-01-10 21:00,-.8,84
232,천안,2024-01-10 22:00,-1,85
232,천안,2024-01-10 23:00,-1.4,84
232,천안,2024-01-11 00:00,-1.7,84
232,천안,2024-01-11 01:00,-2.2,87
232,천안,2024-01-11 02:00,-2.3,86
232,천안,2024-01-11 03:00,-2.4,85
232,천안,2024-01-11 04:00,-2.6,86
232,천안,2024-01-11 05:00,-2.6,87
232,천안,2024-01-11 06:00,-2.8,87
232,천안,2024-01-11 07:00,-2.7,86
232,천안,2024-01-11 08:00,-2.5,86
232,천안,2024-01-11 09:00,-2.2,86
232,천안,2024-01-11 10:00,-1.6,85
232,천안,2024-01-11 11:00,-.5,82
232,천안,2024-01-11 12:00,.5,79
232,천안,2024-01-11 13:00,1.8,74
232,천안,2024-01-11 14:00,2.4,74
232,천안,2024-01-11 15:00,3.1,73
232,천안,2024-01-11 16:00,3.5,75
232,천안,2024-01-11 17:00,3.4,74
232,천안,2024-01-11 18:00,2.8,79
232,천안,2024-01-11 19:00,2.3,85
232,천안,2024-01-11 20:00,1.7,89
232,천안,2024-01-11 21:00,1.3,92
232,천안,2024-01-11 22:00,.6,94
232,천안,2024-01-11 23:00,.6,94
232,천안,2024-01-12 00:00,.9,94
232,천안,2024-01-12 01:00,1.2,93
232,천안,2024-01-12 02:00,1.2,94
232,천안,2024-01-12 03:00,.9,94
232,천안,2024-01-12 04:00,.9,96
232,천안,2024-01-12 05:00,2.9,84
232,천안,2024-01-12 06:00,2.3,83
232,천안,2024-01-12 07:00,.2,93
232,천안,2024-01-12 08:00,-.8,97
232,천안,2024-01-12 09:00,-.6,97
232,천안,2024-01-12 10:00,2.9,75
232,천안,2024-01-12 11:00,4.4,55
232,천안,2024-01-12 12:00,5.1,45
232,천안,2024-01-12 13:00,5.7,42
232,천안,2024-01-12 14:00,6.1,49
232,천안,2024-01-12 15:00,6,34
232,천안,2024-01-12 16:00,5.3,33
232,천안,2024-01-12 17:00,3.5,40
232,천안,2024-01-12 18:00,2.1,46
232,천안,2024-01-12 19:00,1,56
232,천안,2024-01-12 20:00,.3,56
232,천안,2024-01-12 21:00,-.5,59
232,천안,2024-01-12 22:00,-1.6,69
232,천안,2024-01-12 23:00,-3,77
232,천안,2024-01-13 00:00,-3.8,82
232,천안,2024-01-13 01:00,-4.3,85
232,천안,2024-01-13 02:00,-4.4,86
232,천안,2024-01-13 03:00,-4.9,87
232,천안,2024-01-13 04:00,-5.2,89
232,천안,2024-01-13 05:00,-5.7,90
232,천안,2024-01-13 06:00,-5.9,90
232,천안,2024-01-13 07:00,-6.3,89
232,천안,2024-01-13 08:00,-6.5,91
232,천안,2024-01-13 09:00,-4.3,83
232,천안,2024-01-13 10:00,-.8,74
232,천안,2024-01-13 11:00,2.3,44
232,천안,2024-01-13 12:00,4.2,36
232,천안,2024-01-13 13:00,4.6,37
232,천안,2024-01-13 14:00,4.9,33
232,천안,2024-01-13 15:00,5.5,30
232,천안,2024-01-13 16:00,5.4,34
232,천안,2024-01-13 17:00,4.8,44
232,천안,2024-01-13 18:00,1.9,51
232,천안,2024-01-13 19:00,-.3,66
232,천안,2024-01-13 20:00,-1.8,74
232,천안,2024-01-13 21:00,-2.2,75
232,천안,2024-01-13 22:00,-2.9,78
232,천안,2024-01-13 23:00,-3.4,79
232,천안,2024-01-14 00:00,-4.2,84
232,천안,2024-01-14 01:00,-4.7,87
232,천안,2024-01-14 02:00,-5.1,88
232,천안,2024-01-14 03:00,-5,89
232,천안,2024-01-14 04:00,-5.4,91
232,천안,2024-01-14 05:00,-5.8,90
232,천안,2024-01-14 06:00,-5.7,90
232,천안,2024-01-14 07:00,-6.4,92
232,천안,2024-01-14 08:00,-6.1,91
232,천안,2024-01-14 09:00,-4,87
232,천안,2024-01-14 10:00,-1.4,75
232,천안,2024-01-14 11:00,3.3,54
232,천안,2024-01-14 12:00,4.6,56
232,천안,2024-01-14 13:00,6,58
232,천안,2024-01-14 14:00,6,70
232,천안,2024-01-14 15:00,4,91
232,천안,2024-01-14 16:00,5.1,98
232,천안,2024-01-14 17:00,5.2,95
232,천안,2024-01-14 18:00,4.7,90
232,천안,2024-01-14 19:00,3.1,92
232,천안,2024-01-14 20:00,2.3,89
232,천안,2024-01-14 21:00,1.5,83
232,천안,2024-01-14 22:00,.4,80
232,천안,2024-01-14 23:00,-.3,78
232,천안,2024-01-15 00:00,-1,78
232,천안,2024-01-15 01:00,-1.8,77
232,천안,2024-01-15 02:00,-2.5,69
232,천안,2024-01-15 03:00,-3,63
232,천안,2024-01-15 04:00,-3.5,62
232,천안,2024-01-15 05:00,-4,63
232,천안,2024-01-15 06:00,-4.5,61
232,천안,2024-01-15 07:00,-4.9,61
232,천안,2024-01-15 08:00,-5.1,59
232,천안,2024-01-15 09:00,-4.2,55
232,천안,2024-01-15 10:00,-3.2,45
232,천안,2024-01-15 11:00,-2.1,41
232,천안,2024-01-15 12:00,-1,39
232,천안,2024-01-15 13:00,-.2,38
232,천안,2024-01-15 14:00,.8,34
232,천안,2024-01-15 15:00,1.1,34
232,천안,2024-01-15 16:00,.9,35
232,천안,2024-01-15 17:00,-.1,43
232,천안,2024-01-15 18:00,-1.3,48
232,천안,2024-01-15 19:00,-1.9,54
232,천안,2024-01-15 20:00,-2.7,58
232,천안,2024-01-15 21:00,-3.4,62
232,천안,2024-01-15 22:00,-4.2,68
232,천안,2024-01-15 23:00,-4.6,68
232,천안,2024-01-16 00:00,-4.6,72
232,천안,2024-01-16 01:00,-5.9,79
232,천안,2024-01-16 02:00,-6.4,84
232,천안,2024-01-16 03:00,-6.5,79
232,천안,2024-01-16 04:00,-7.5,85
232,천안,2024-01-16 05:00,-8,86
232,천안,2024-01-16 06:00,-8.4,88
232,천안,2024-01-16 07:00,-8.9,88
232,천안,2024-01-16 08:00,-9,86
232,천안,2024-01-16 09:00,-7.2,78
232,천안,2024-01-16 10:00,-3.8,65
232,천안,2024-01-16 11:00,-1.2,46
232,천안,2024-01-16 12:00,0,42
232,천안,2024-01-16 13:00,.7,41
232,천안,2024-01-16 14:00,1.9,35
232,천안,2024-01-16 15:00,3.3,31
232,천안,2024-01-16 16:00,3.3,34
232,천안,2024-01-16 17:00,2.7,34
232,천안,2024-01-16 18:00,.7,45
232,천안,2024-01-16 19:00,-1.1,59
232,천안,2024-01-16 20:00,-1.9,66
232,천안,2024-01-16 21:00,-2.6,71
232,천안,2024-01-16 22:00,-3.3,75
232,천안,2024-01-16 23:00,-3.9,77
232,천안,2024-01-17 00:00,-4.6,82
232,천안,2024-01-17 01:00,-4.3,83
232,천안,2024-01-17 02:00,-3.5,80
232,천안,2024-01-17 03:00,-2.7,78
232,천안,2024-01-17 04:00,-2.6,81
232,천안,2024-01-17 05:00,-2.5,81
232,천안,2024-01-17 06:00,-2.1,82
232,천안,2024-01-17 07:00,-1.8,81
232,천안,2024-01-17 08:00,-1.4,79
232,천안,2024-01-17 09:00,-.5,75
232,천안,2024-01-17 10:00,.1,79
232,천안,2024-01-17 11:00,.8,79
232,천안,2024-01-17 12:00,1.1,90
232,천안,2024-01-17 13:00,1.3,90
232,천안,2024-01-17 14:00,1.8,94
232,천안,2024-01-17 15:00,1.9,95
232,천안,2024-01-17 16:00,2.2,96
232,천안,2024-01-17 17:00,2.2,97
232,천안,2024-01-17 18:00,2.1,98
232,천안,2024-01-17 19:00,2,98
232,천안,2024-01-17 20:00,2,99
232,천안,2024-01-17 21:00,2.1,99
232,천안,2024-01-17 22:00,2.3,99
232,천안,2024-01-17 23:00,2.4,99
232,천안,2024-01-18 00:00,2.4,100
232,천안,2024-01-18 01:00,2.5,100
232,천안,2024-01-18 02:00,2.5,100
232,천안,2024-01-18 03:00,2.6,100
232,천안,2024-01-18 04:00,2.7,100
232,천안,2024-01-18 05:00,2.7,100
232,천안,2024-01-18 06:00,2.7,100
232,천안,2024-01-18 07:00,2.8,100
232,천안,2024-01-18 08:00,3.4,100
232,천안,2024-01-18 09:00,3.7,100
232,천안,2024-01-18 10:00,3.8,99
232,천안,2024-01-18 11:00,3.7,95
232,천안,2024-01-18 12:00,4.4,93
232,천안,2024-01-18 13:00,4.6,87
232,천안,2024-01-18 14:00,5.2,87
232,천안,2024-01-18 15:00,5.4,86
232,천안,2024-01-18 16:00,5.6,86
232,천안,2024-01-18 17:00,5.7,87
232,천안,2024-01-18 18:00,5,93
232,천안,2024-01-18 19:00,5,93
232,천안,2024-01-18 20:00,7.1,79
232,천안,2024-01-18 21:00,6.8,78
232,천안,2024-01-18 22:00,6.8,77
232,천안,2024-01-18 23:00,6.5,77
232,천안,2024-01-19 00:00,6.3,76
232,천안,2024-01-19 01:00,6.2,76
232,천안,2024-01-19 02:00,6,76
232,천안,2024-01-19 03:00,6,74
232,천안,2024-01-19 04:00,5.6,76
232,천안,2024-01-19 05:00,5.2,76
232,천안,2024-01-19 06:00,5.2,75
232,천안,2024-01-19 07:00,5.6,73
232,천안,2024-01-19 08:00,5.3,75
232,천안,2024-01-19 09:00,5.7,73
232,천안,2024-01-19 10:00,6.3,70
232,천안,2024-01-19 11:00,6.7,69
232,천안,2024-01-19 12:00,7.5,67
232,천안,2024-01-19 13:00,7.7,64
232,천안,2024-01-19 14:00,8.3,60
232,천안,2024-01-19 15:00,8,61
232,천안,2024-01-19 16:00,7.5,61
232,천안,2024-01-19 17:00,6.9,63
232,천안,2024-01-19 18:00,6.3,65
232,천안,2024-01-19 19:00,5.8,66
232,천안,2024-01-19 20:00,5.6,65
232,천안,2024-01-19 21:00,5.5,65
232,천안,2024-01-19 22:00,5.5,64
232,천안,2024-01-19 23:00,5.2,66
232,천안,2024-01-20 00:00,4.6,68
232,천안,2024-01-20 01:00,4.6,67
232,천안,2024-01-20 02:00,4.5,66
232,천안,2024-01-20 03:00,4.7,66
232,천안,2024-01-20 04:00,4.8,64
232,천안,2024-01-20 05:00,5,63
232,천안,2024-01-20 06:00,4.8,64
232,천안,2024-01-20 07:00,5,62
232,천안,2024-01-20 08:00,5.2,61
232,천안,2024-01-20 09:00,5.5,60
232,천안,2024-01-20 10:00,5.6,61
232,천안,2024-01-20 11:00,4.8,76
232,천안,2024-01-20 12:00,4.4,82
232,천안,2024-01-20 13:00,3.9,87
232,천안,2024-01-20 14:00,3.8,88
232,천안,2024-01-20 15:00,3.9,89
232,천안,2024-01-20 16:00,3.7,89
232,천안,2024-01-20 17:00,3.6,89
232,천안,2024-01-20 18:00,3.2,92
232,천안,2024-01-20 19:00,3.1,92
232,천안,2024-01-20 20:00,2.7,92
232,천안,2024-01-20 21:00,2.6,92
232,천안,2024-01-20 22:00,2.7,90
232,천안,2024-01-20 23:00,2.8,86
232,천안,2024-01-21 00:00,2.6,86
232,천안,2024-01-21 01:00,2.5,86
232,천안,2024-01-21 02:00,2.4,86
232,천안,2024-01-21 03:00,2.4,82
232,천안,2024-01-21 04:00,2.3,82
232,천안,2024-01-21 05:00,1.9,87
232,천안,2024-01-21 06:00,1.9,91
232,천안,2024-01-21 07:00,1.8,93
232,천안,2024-01-21 08:00,1.6,94
232,천안,2024-01-21 09:00,2.1,92
232,천안,2024-01-21 10:00,2.9,86
232,천안,2024-01-21 11:00,4.7,65
232,천안,2024-01-21 12:00,5.6,64
232,천안,2024-01-21 13:00,6.2,65
232,천안,2024-01-21 14:00,6.5,66
232,천안,2024-01-21 15:00,6,63
232,천안,2024-01-21 16:00,5.4,66
232,천안,2024-01-21 17:00,4,85
232,천안,2024-01-21 18:00,2.7,89
232,천안,2024-01-21 19:00,2.1,89
232,천안,2024-01-21 20:00,2.2,84
232,천안,2024-01-21 21:00,1.8,87
232,천안,2024-01-21 22:00,1.2,83
232,천안,2024-01-21 23:00,.4,79
232,천안,2024-01-22 00:00,-.2,73
232,천안,2024-01-22 01:00,-.6,73
232,천안,2024-01-22 02:00,-1.3,81
232,천안,2024-01-22 03:00,-2.1,75
232,천안,2024-01-22 04:00,-2.7,77
232,천안,2024-01-22 05:00,-3.8,78
232,천안,2024-01-22 06:00,-4.7,81
232,천안,2024-01-22 07:00,-5.6,83
232,천안,2024-01-22 08:00,-6,79
232,천안,2024-01-22 09:00,-5.9,80
232,천안,2024-01-22 10:00,-6.1,82
232,천안,2024-01-22 11:00,-6.1,73
232,천안,2024-01-22 12:00,-6.2,73
232,천안,2024-01-22 13:00,-5.9,68
232,천안,2024-01-22 14:00,-6.1,72
232,천안,2024-01-22 15:00,-6.5,80
232,천안,2024-01-22 16:00,-7,85
232,천안,2024-01-22 17:00,-7.5,84
232,천안,2024-01-22 18:00,-8.2,86
232,천안,2024-01-22 19:00,-8.4,84
232,천안,2024-01-22 20:00,-8.6,82
232,천안,2024-01-22 21:00,-8.7,79
232,천안,2024-01-22 22:00,-9.4,75
232,천안,2024-01-22 23:00,-10.2,74
232,천안,2024-01-23 00:00,-10.7,72
232,천안,2024-01-23 01:00,-11.3,72
232,천안,2024-01-23 02:00,-11.6,77
232,천안,2024-01-23 03:00,-12.2,81
232,천안,2024-01-23 04:00,-11.9,74
232,천안,2024-01-23 05:00,-12.2,71
232,천안,2024-01-23 06:00,-12.8,72
232,천안,2024-01-23 07:00,-13.4,78
232,천안,2024-01-23 08:00,-12.8,78
232,천안,2024-01-23 09:00,-11.7,74
232,천안,2024-01-23 10:00,-10.6,74
232,천안,2024-01-23 11:00,-9.8,78
232,천안,2024-01-23 12:00,-8.8,77
232,천안,2024-01-23 13:00,-9,77
232,천안,2024-01-23 14:00,-9,77
232,천안,2024-01-23 15:00,-9.1,83
232,천안,2024-01-23 16:00,-9,82
232,천안,2024-01-23 17:00,-9.2,87
232,천안,2024-01-23 18:00,-9.3,84
232,천안,2024-01-23 19:00,-9.4,85
232,천안,2024-01-23 20:00,-9.2,83
232,천안,2024-01-23 21:00,-9.6,73
232,천안,2024-01-23 22:00,-10.6,63
232,천안,2024-01-23 23:00,-11.3,62
232,천안,2024-01-24 00:00,-11.7,68
232,천안,2024-01-24 01:00,-11.6,67
232,천안,2024-01-24 02:00,-12.3,71
232,천안,2024-01-24 03:00,-12.2,75
232,천안,2024-01-24 04:00,-11.4,72
232,천안,2024-01-24 05:00,-10.3,71
232,천안,2024-01-24 06:00,-10.4,73
232,천안,2024-01-24 07:00,-10.5,72
232,천안,2024-01-24 08:00,-8.8,62
232,천안,2024-01-24 09:00,-8,60
232,천안,2024-01-24 10:00,-7,59
232,천안,2024-01-24 11:00,-6.1,51
232,천안,2024-01-24 12:00,-5.7,48
232,천안,2024-01-24 13:00,-5.5,47
232,천안,2024-01-24 14:00,-4.9,51
232,천안,2024-01-24 15:00,-4.5,54
232,천안,2024-01-24 16:00,-4.5,50
232,천안,2024-01-24 17:00,-4.7,51
232,천안,2024-01-24 18:00,-5.4,54
232,천안,2024-01-24 19:00,-6,55
232,천안,2024-01-24 20:00,-6,54
232,천안,2024-01-24 21:00,-6.4,53
232,천안,2024-01-24 22:00,-6.8,59
232,천안,2024-01-24 23:00,-7.6,59
232,천안,2024-01-25 00:00,-8.3,60
232,천안,2024-01-25 01:00,-9.3,64
232,천안,2024-01-25 02:00,-10.1,70
232,천안,2024-01-25 03:00,-9.8,70
232,천안,2024-01-25 04:00,-11.7,77
232,천안,2024-01-25 05:00,-12.2,85
232,천안,2024-01-25 06:00,-12.9,86
232,천안,2024-01-25 07:00,-13.4,87
232,천안,2024-01-25 08:00,-13.7,88
232,천안,2024-01-25 09:00,-10.7,81
232,천안,2024-01-25 10:00,-7.6,62
232,천안,2024-01-25 11:00,-4.6,39
232,천안,2024-01-25 12:00,-3.5,36
232,천안,2024-01-25 13:00,-2.3,40
232,천안,2024-01-25 14:00,-1.4,39
232,천안,2024-01-25 15:00,-.9,39
232,천안,2024-01-25 16:00,-1,41
232,천안,2024-01-25 17:00,-2.2,46
232,천안,2024-01-25 18:00,-3.1,55
232,천안,2024-01-25 19:00,-3.7,58
232,천안,2024-01-25 20:00,-4.4,62
232,천안,2024-01-25 21:00,-5.4,69
232,천안,2024-01-25 22:00,-6.3,76
232,천안,2024-01-25 23:00,-7.7,80
232,천안,2024-01-26 00:00,-8,84
232,천안,2024-01-26 01:00,-8.6,88
232,천안,2024-01-26 02:00,-9,89
232,천안,2024-01-26 03:00,-9.6,90
232,천안,2024-01-26 04:00,-10,90
232,천안,2024-01-26 05:00,-10,91
232,천안,2024-01-26 06:00,-10.4,90
232,천안,2024-01-26 07:00,-9.6,90
232,천안,2024-01-26 08:00,-9.2,90
232,천안,2024-01-26 09:00,-7.9,87
232,천안,2024-01-26 10:00,-5.1,78
232,천안,2024-01-26 11:00,-2.1,64
232,천안,2024-01-26 12:00,-.1,57
232,천안,2024-01-26 13:00,.7,55
232,천안,2024-01-26 14:00,1.8,55
232,천안,2024-01-26 15:00,2.2,58
232,천안,2024-01-26 16:00,2.2,61
232,천안,2024-01-26 17:00,2,63
232,천안,2024-01-26 18:00,.3,70
232,천안,2024-01-26 19:00,-1.3,78
232,천안,2024-01-26 20:00,-2.2,84
232,천안,2024-01-26 21:00,-2.8,87
232,천안,2024-01-26 22:00,-4,91
232,천안,2024-01-26 23:00,-4.4,93
232,천안,2024-01-27 00:00,-4.7,94
232,천안,2024-01-27 01:00,-5.2,94
232,천안,2024-01-27 02:00,-5.8,95
232,천안,2024-01-27 03:00,-6,94
232,천안,2024-01-27 04:00,-6.3,94
232,천안,2024-01-27 05:00,-6.4,93
232,천안,2024-01-27 06:00,-7.2,93
232,천안,2024-01-27 07:00,-7.5,93
232,천안,2024-01-27 08:00,-7.9,93
232,천안,2024-01-27 09:00,-6.4,94
232,천안,2024-01-27 10:00,-3.6,90
232,천안,2024-01-27 11:00,0,70
232,천안,2024-01-27 12:00,1.9,47
232,천안,2024-01-27 13:00,3.4,37
232,천안,2024-01-27 14:00,3.7,36
232,천안,2024-01-27 15:00,4,38
232,천안,2024-01-27 16:00,3.5,46
232,천안,2024-01-27 17:00,2.8,55
232,천안,2024-01-27 18:00,1.9,59
232,천안,2024-01-27 19:00,.2,67
232,천안,2024-01-27 20:00,-1.4,75
232,천안,2024-01-27 21:00,-2.2,82
232,천안,2024-01-27 22:00,-2.4,82
232,천안,2024-01-27 23:00,-2.8,85
232,천안,2024-01-28 00:00,-3.1,89
232,천안,2024-01-28 01:00,-2.9,87
232,천안,2024-01-28 02:00,-3.2,88
232,천안,2024-01-28 03:00,-2.2,76
232,천안,2024-01-28 04:00,-1.6,63
232,천안,2024-01-28 05:00,-2.3,67
232,천안,2024-01-28 06:00,-3.3,73
232,천안,2024-01-28 07:00,-4.9,86
232,천안,2024-01-28 08:00,-5.2,87
232,천안,2024-01-28 09:00,-3.9,82
232,천안,2024-01-28 10:00,-1.6,72
232,천안,2024-01-28 11:00,.4,58
232,천안,2024-01-28 12:00,1.7,59
232,천안,2024-01-28 13:00,2.2,57
232,천안,2024-01-28 14:00,2.4,55
232,천안,2024-01-28 15:00,2.8,52
232,천안,2024-01-28 16:00,2.7,52
232,천안,2024-01-28 17:00,2.5,55
232,천안,2024-01-28 18:00,1.4,58
232,천안,2024-01-28 19:00,.1,65
232,천안,2024-01-28 20:00,-1.3,78
232,천안,2024-01-28 21:00,-2.8,86
232,천안,2024-01-28 22:00,-3,86
232,천안,2024-01-28 23:00,-3.8,89
232,천안,2024-01-29 00:00,-4.6,93
232,천안,2024-01-29 01:00,-5.3,93
232,천안,2024-01-29 02:00,-5.5,94
232,천안,2024-01-29 03:00,-6.2,94
232,천안,2024-01-29 04:00,-6.7,93
232,천안,2024-01-29 05:00,-6.9,92
232,천안,2024-01-29 06:00,-6.9,93
232,천안,2024-01-29 07:00,-5.9,92
232,천안,2024-01-29 08:00,-5.4,92
232,천안,2024-01-29 09:00,-4.2,90
232,천안,2024-01-29 10:00,-1.8,82
232,천안,2024-01-29 11:00,.6,67
232,천안,2024-01-29 12:00,2,55
232,천안,2024-01-29 13:00,3.5,46
232,천안,2024-01-29 14:00,3.9,48
232,천안,2024-01-29 15:00,3.9,46
232,천안,2024-01-29 16:00,3.9,45
232,천안,2024-01-29 17:00,3.2,47
232,천안,2024-01-29 18:00,1.8,55
232,천안,2024-01-29 19:00,-.2,65
232,천안,2024-01-29 20:00,-1.7,74
232,천안,2024-01-29 21:00,-2.4,81
232,천안,2024-01-29 22:00,-3,82
232,천안,2024-01-29 23:00,-3.3,86
232,천안,2024-01-30 00:00,-4.1,88
232,천안,2024-01-30 01:00,-4.6,90
232,천안,2024-01-30 02:00,-5.3,93
232,천안,2024-01-30 03:00,-5.5,93
232,천안,2024-01-30 04:00,-6,94
232,천안,2024-01-30 05:00,-6.4,93
232,천안,2024-01-30 06:00,-6.6,93
232,천안,2024-01-30 07:00,-6.8,93
232,천안,2024-01-30 08:00,-7,93
232,천안,2024-01-30 09:00,-5.1,91
232,천안,2024-01-30 10:00,-2.2,86
232,천안,2024-01-30 11:00,1.2,65
232,천안,2024-01-30 12:00,3.7,54
232,천안,2024-01-30 13:00,5.2,39
232,천안,2024-01-30 14:00,6.2,37
232,천안,2024-01-30 15:00,7.5,29
232,천안,2024-01-30 16:00,7.8,28
232,천안,2024-01-30 17:00,7.8,28
232,천안,2024-01-30 18:00,4.9,37
232,천안,2024-01-30 19:00,1.3,62
232,천안,2024-01-30 20:00,0,65
232,천안,2024-01-30 21:00,-1.3,73
232,천안,2024-01-30 22:00,-1.6,77
232,천안,2024-01-30 23:00,-2.6,81
232,천안,2024-01-31 00:00,-2.3,79
232,천안,2024-01-31 01:00,-1.6,80
232,천안,2024-01-31 02:00,-.9,79
232,천안,2024-01-31 03:00,-.3,75
232,천안,2024-01-31 04:00,.1,77
232,천안,2024-01-31 05:00,.7,74
232,천안,2024-01-31 06:00,.6,75
232,천안,2024-01-31 07:00,.7,75
232,천안,2024-01-31 08:00,.8,77
232,천안,2024-01-31 09:00,1.8,74
232,천안,2024-01-31 10:00,2.8,70
232,천안,2024-01-31 11:00,6.2,50
232,천안,2024-01-31 12:00,8.6,48
232,천안,2024-01-31 13:00,10,40
232,천안,2024-01-31 14:00,10.8,32
232,천안,2024-01-31 15:00,11.4,24
232,천안,2024-01-31 16:00,10.9,25
232,천안,2024-01-31 17:00,9.6,33
232,천안,2024-01-31 18:00,7.5,41
232,천안,2024-01-31 19:00,6.4,41
232,천안,2024-01-31 20:00,5,48
232,천안,2024-01-31 21:00,4,52
232,천안,2024-01-31 22:00,3.2,55
232,천안,2024-01-31 23:00,1.5,62
232,천안,2024-02-01 00:00,.9,73
232,천안,2024-02-01 01:00,1,74
232,천안,2024-02-01 02:00,.3,78
232,천안,2024-02-01 03:00,-.5,83
232,천안,2024-02-01 04:00,.1,81
232,천안,2024-02-01 05:00,.2,83
232,천안,2024-02-01 06:00,2,82
232,천안,2024-02-01 07:00,1.7,84
232,천안,2024-02-01 08:00,1.3,86
232,천안,2024-02-01 09:00,1.4,84
232,천안,2024-02-01 10:00,2.2,77
232,천안,2024-02-01 11:00,2.9,72
232,천안,2024-02-01 12:00,3.8,69
232,천안,2024-02-01 13:00,4.5,65
232,천안,2024-02-01 14:00,5.2,62
232,천안,2024-02-01 15:00,5.6,60
232,천안,2024-02-01 16:00,5.7,61
232,천안,2024-02-01 17:00,5.3,64
232,천안,2024-02-01 18:00,4.6,69
232,천안,2024-02-01 19:00,3.9,70
232,천안,2024-02-01 20:00,3.2,70
232,천안,2024-02-01 21:00,2.4,74
232,천안,2024-02-01 22:00,1.9,76
232,천안,2024-02-01 23:00,1.7,78
232,천안,2024-02-02 00:00,1.4,79
232,천안,2024-02-02 01:00,1.4,81
232,천안,2024-02-02 02:00,1.4,80
232,천안,2024-02-02 03:00,.4,87
232,천안,2024-02-02 04:00,.3,88
232,천안,2024-02-02 05:00,-.7,90
232,천안,2024-02-02 06:00,-.2,89
232,천안,2024-02-02 07:00,-.4,89
232,천안,2024-02-02 08:00,-1.5,93
232,천안,2024-02-02 09:00,-.1,86
232,천안,2024-02-02 10:00,1.1,82
232,천안,2024-02-02 11:00,2.8,76
232,천안,2024-02-02 12:00,4.3,70
232,천안,2024-02-02 13:00,6.2,64
232,천안,2024-02-02 14:00,6.7,57
232,천안,2024-02-02 15:00,7,53
232,천안,2024-02-02 16:00,6.6,57
232,천안,2024-02-02 17:00,5.8,60
232,천안,2024-02-02 18:00,4.5,62
232,천안,2024-02-02 19:00,2.5,69
232,천안,2024-02-02 20:00,1.4,76
232,천안,2024-02-02 21:00,0,81
232,천안,2024-02-02 22:00,-.9,85
232,천안,2024-02-02 23:00,-1.6,90
232,천안,2024-02-03 00:00,-2,92
232,천안,2024-02-03 01:00,-2.5,93
232,천안,2024-02-03 02:00,-2.8,93
232,천안,2024-02-03 03:00,-3,94
232,천안,2024-02-03 04:00,-2.3,93
232,천안,2024-02-03 05:00,-1.8,93
232,천안,2024-02-03 06:00,-1.5,92
232,천안,2024-02-03 07:00,-1,91
232,천안,2024-02-03 08:00,-.3,90
232,천안,2024-02-03 09:00,1,87
232,천안,2024-02-03 10:00,3.7,76
232,천안,2024-02-03 11:00,6.4,63
232,천안,2024-02-03 12:00,7.4,59
232,천안,2024-02-03 13:00,7.9,56
232,천안,2024-02-03 14:00,8.6,56
232,천안,2024-02-03 15:00,9.1,54
232,천안,2024-02-03 16:00,8.6,56
232,천안,2024-02-03 17:00,7.7,68
232,천안,2024-02-03 18:00,5.8,90
232,천안,2024-02-03 19:00,5.1,96
232,천안,2024-02-03 20:00,4.9,98
232,천안,2024-02-03 21:00,4.4,99
232,천안,2024-02-03 22:00,4,99
232,천안,2024-02-03 23:00,3.5,99
232,천안,2024-02-04 00:00,3.3,100
232,천안,2024-02-04 01:00,2.9,100
232,천안,2024-02-04 02:00,2.9,100
232,천안,2024-02-04 03:00,2.5,100
232,천안,2024-02-04 04:00,2.2,100
232,천안,2024-02-04 05:00,1.2,100
232,천안,2024-02-04 06:00,.3,100
232,천안,2024-02-04 07:00,.3,100
232,천안,2024-02-04 08:00,-.7,100
232,천안,2024-02-04 09:00,-.4,100
232,천안,2024-02-04 10:00,2.6,100
232,천안,2024-02-04 11:00,6.5,97
232,천안,2024-02-04 12:00,8.5,63
232,천안,2024-02-04 13:00,8.9,62
232,천안,2024-02-04 14:00,9,58
232,천안,2024-02-04 15:00,9.3,59
232,천안,2024-02-04 16:00,9.4,58
232,천안,2024-02-04 17:00,9.1,59
232,천안,2024-02-04 18:00,8.5,62
232,천안,2024-02-04 19:00,8.3,63
232,천안,2024-02-04 20:00,7.9,66
232,천안,2024-02-04 21:00,7.8,66
232,천안,2024-02-04 22:00,7.6,68
232,천안,2024-02-04 23:00,6.7,77
232,천안,2024-02-05 00:00,5.7,82
232,천안,2024-02-05 01:00,5,86
232,천안,2024-02-05 02:00,4.7,87
232,천안,2024-02-05 03:00,4.6,87
232,천안,2024-02-05 04:00,4.3,87
232,천안,2024-02-05 05:00,4.3,87
232,천안,2024-02-05 06:00,4.4,88
232,천안,2024-02-05 07:00,4.4,88
232,천안,2024-02-05 08:00,4.4,87
232,천안,2024-02-05 09:00,4.1,89
232,천안,2024-02-05 10:00,3.9,89
232,천안,2024-02-05 11:00,4.2,88
232,천안,2024-02-05 12:00,4.9,83
232,천안,2024-02-05 13:00,5.2,79
232,천안,2024-02-05 14:00,4.9,78
232,천안,2024-02-05 15:00,4.8,81
232,천안,2024-02-05 16:00,4.8,72
232,천안,2024-02-05 17:00,4.1,76
232,천안,2024-02-05 18:00,3.1,82
232,천안,2024-02-05 19:00,2.3,86
232,천안,2024-02-05 20:00,1.6,89
232,천안,2024-02-05 21:00,1.3,90
232,천안,2024-02-05 22:00,1.3,88
232,천안,2024-02-05 23:00,1,91
232,천안,2024-02-06 00:00,1,90
232,천안,2024-02-06 01:00,1.1,88
232,천안,2024-02-06 02:00,1,88
232,천안,2024-02-06 03:00,1.1,87
232,천안,2024-02-06 04:00,1,88
232,천안,2024-02-06 05:00,.9,88
232,천안,2024-02-06 06:00,.9,90
232,천안,2024-02-06 07:00,.9,89
232,천안,2024-02-06 08:00,.6,94
232,천안,2024-02-06 09:00,.9,93
232,천안,2024-02-06 10:00,1.7,86
232,천안,2024-02-06 11:00,2.3,82
232,천안,2024-02-06 12:00,3,81
232,천안,2024-02-06 13:00,3.4,79
232,천안,2024-02-06 14:00,3.9,80
232,천안,2024-02-06 15:00,3.8,81
232,천안,2024-02-06 16:00,4.1,77
232,천안,2024-02-06 17:00,3.7,76
232,천안,2024-02-06 18:00,3.2,77
232,천안,2024-02-06 19:00,2.5,77
232,천안,2024-02-06 20:00,1.9,82
232,천안,2024-02-06 21:00,1.8,80
232,천안,2024-02-06 22:00,1.5,78
232,천안,2024-02-06 23:00,1.4,78
232,천안,2024-02-07 00:00,1.2,83
232,천안,2024-02-07 01:00,1.1,81
232,천안,2024-02-07 02:00,.8,76
232,천안,2024-02-07 03:00,.6,75
232,천안,2024-02-07 04:00,.6,77
232,천안,2024-02-07 05:00,.1,79
232,천안,2024-02-07 06:00,-.9,84
232,천안,2024-02-07 07:00,-1,85
232,천안,2024-02-07 08:00,-1.1,87
232,천안,2024-02-07 09:00,-.1,84
232,천안,2024-02-07 10:00,.9,75
232,천안,2024-02-07 11:00,1.6,69
232,천안,2024-02-07 12:00,2,63
232,천안,2024-02-07 13:00,2.1,63
232,천안,2024-02-07 14:00,2.7,61
232,천안,2024-02-07 15:00,2.4,59
232,천안,2024-02-07 16:00,2.6,62
232,천안,2024-02-07 17:00,2.4,61
232,천안,2024-02-07 18:00,2.1,65
232,천안,2024-02-07 19:00,1.4,66
232,천안,2024-02-07 20:00,.4,77
232,천안,2024-02-07 21:00,.2,79
232,천안,2024-02-07 22:00,-.4,83
232,천안,2024-02-07 23:00,-1.8,91
232,천안,2024-02-08 00:00,-2.2,92
232,천안,2024-02-08 01:00,-2.7,94
232,천안,2024-02-08 02:00,-3.2,95
232,천안,2024-02-08 03:00,-3.7,95
232,천안,2024-02-08 04:00,-4.3,96
232,천안,2024-02-08 05:00,-4.5,95
232,천안,2024-02-08 06:00,-4.7,95
232,천안,2024-02-08 07:00,-5,95
232,천안,2024-02-08 08:00,-5,95
232,천안,2024-02-08 09:00,-3.3,94
232,천안,2024-02-08 10:00,-1.1,86
232,천안,2024-02-08 11:00,1.4,70
232,천안,2024-02-08 12:00,3,62
232,천안,2024-02-08 13:00,4,55
232,천안,2024-02-08 14:00,4.6,52
232,천안,2024-02-08 15:00,5.5,50
232,천안,2024-02-08 16:00,5.2,50
232,천안,2024-02-08 17:00,4.5,51
232,천안,2024-02-08 18:00,3,57
232,천안,2024-02-08 19:00,1.2,66
232,천안,2024-02-08 20:00,-.7,79
232,천안,2024-02-08 21:00,-1.2,82
232,천안,2024-02-08 22:00,-1.2,76
232,천안,2024-02-08 23:00,-1.8,81
232,천안,2024-02-09 00:00,-2,84
232,천안,2024-02-09 01:00,-2.8,85
232,천안,2024-02-09 02:00,-3.4,91
232,천안,2024-02-09 03:00,-4.2,93
232,천안,2024-02-09 04:00,-4.7,93
232,천안,2024-02-09 05:00,-5,93
232,천안,2024-02-09 06:00,-5,94
232,천안,2024-02-09 07:00,-5.8,94
232,천안,2024-02-09 08:00,-5,94
232,천안,2024-02-09 09:00,-3.3,92
232,천안,2024-02-09 10:00,-.9,83
232,천안,2024-02-09 11:00,2.4,65
232,천안,2024-02-09 12:00,4.2,51
232,천안,2024-02-09 13:00,4.8,43
232,천안,2024-02-09 14:00,5.7,45
232,천안,2024-02-09 15:00,5.5,47
232,천안,2024-02-09 16:00,5.8,45
232,천안,2024-02-09 17:00,5.2,44
232,천안,2024-02-09 18:00,3.5,47
232,천안,2024-02-09 19:00,2.2,55
232,천안,2024-02-09 20:00,1.5,63
232,천안,2024-02-09 21:00,1,67
232,천안,2024-02-09 22:00,-.4,75
232,천안,2024-02-09 23:00,-.9,79
232,천안,2024-02-10 00:00,-1.1,82
232,천안,2024-02-10 01:00,-2.2,86
232,천안,2024-02-10 02:00,-2.7,90
232,천안,2024-02-10 03:00,-3.4,92
232,천안,2024-02-10 04:00,-3.7,93
232,천안,2024-02-10 05:00,-4,94
232,천안,2024-02-10 06:00,-4.4,95
232,천안,2024-02-10 07:00,-4.6,95
232,천안,2024-02-10 08:00,-4.7,94
232,천안,2024-02-10 09:00,-3.2,93
232,천안,2024-02-10 10:00,-.5,86
232,천안,2024-02-10 11:00,1.6,73
232,천안,2024-02-10 12:00,4.1,63
232,천안,2024-02-10 13:00,6.3,51
232,천안,2024-02-10 14:00,6.3,50
232,천안,2024-02-10 15:00,5.3,64
232,천안,2024-02-10 16:00,5.8,58
232,천안,2024-02-10 17:00,5.2,61
232,천안,2024-02-10 18:00,4.6,47
232,천안,2024-02-10 19:00,2.8,57
232,천안,2024-02-10 20:00,1,64
232,천안,2024-02-10 21:00,-.7,74
232,천안,2024-02-10 22:00,-2.1,82
232,천안,2024-02-10 23:00,-1.5,78
232,천안,2024-02-11 00:00,-2.8,83
232,천안,2024-02-11 01:00,-3.5,89
232,천안,2024-02-11 02:00,-4.2,91
232,천안,2024-02-11 03:00,-4.5,92
232,천안,2024-02-11 04:00,-4.9,93
232,천안,2024-02-11 05:00,-5.4,93
232,천안,2024-02-11 06:00,-5.6,93
232,천안,2024-02-11 07:00,-6,93
232,천안,2024-02-11 08:00,-5.8,93
232,천안,2024-02-11 09:00,-3.9,92
232,천안,2024-02-11 10:00,-.9,86
232,천안,2024-02-11 11:00,1.3,69
232,천안,2024-02-11 12:00,3.3,65
232,천안,2024-02-11 13:00,3.5,64
232,천안,2024-02-11 14:00,2.4,88
232,천안,2024-02-11 15:00,4.7,67
232,천안,2024-02-11 16:00,5.7,53
232,천안,2024-02-11 17:00,4.8,58
232,천안,2024-02-11 18:00,3.8,55
232,천안,2024-02-11 19:00,3.4,60
232,천안,2024-02-11 20:00,3.1,65
232,천안,2024-02-11 21:00,2.8,67
232,천안,2024-02-11 22:00,1.3,75
232,천안,2024-02-11 23:00,.8,78
232,천안,2024-02-12 00:00,-1.3,89
232,천안,2024-02-12 01:00,-1.9,91
232,천안,2024-02-12 02:00,-2.4,93
232,천안,2024-02-12 03:00,-3.1,94
232,천안,2024-02-12 04:00,-3.7,95
232,천안,2024-02-12 05:00,-3.7,95
232,천안,2024-02-12 06:00,-4.2,96
232,천안,2024-02-12 07:00,-4.5,94
232,천안,2024-02-12 08:00,-4.2,95
232,천안,2024-02-12 09:00,-2,93
232,천안,2024-02-12 10:00,1.4,78
232,천안,2024-02-12 11:00,3.8,67
232,천안,2024-02-12 12:00,5.2,57
232,천안,2024-02-12 13:00,7.5,46
232,천안,2024-02-12 14:00,8.4,37
232,천안,2024-02-12 15:00,9.8,36
232,천안,2024-02-12 16:00,10.2,33
232,천안,2024-02-12 17:00,10.3,34
232,천안,2024-02-12 18:00,9.2,39
232,천안,2024-02-12 19:00,6.7,49
232,천안,2024-02-12 20:00,3.3,68
232,천안,2024-02-12 21:00,1.3,75
232,천안,2024-02-12 22:00,.6,77
232,천안,2024-02-12 23:00,-.1,82
232,천안,2024-02-13 00:00,-.4,84
232,천안,2024-02-13 01:00,-.9,86
232,천안,2024-02-13 02:00,-1.4,87
232,천안,2024-02-13 03:00,-1.8,89
232,천안,2024-02-13 04:00,-2.4,92
232,천안,2024-02-13 05:00,-2.4,92
232,천안,2024-02-13 06:00,-2.6,92
232,천안,2024-02-13 07:00,-3.1,93
232,천안,2024-02-13 08:00,-2.6,92
232,천안,2024-02-13 09:00,-.1,84
232,천안,2024-02-13 10:00,4.7,73
232,천안,2024-02-13 11:00,9.5,60
232,천안,2024-02-13 12:00,12.3,59
232,천안,2024-02-13 13:00,12.6,56
232,천안,2024-02-13 14:00,13.9,52
232,천안,2024-02-13 15:00,14.9,48
232,천안,2024-02-13 16:00,15.5,44
232,천안,2024-02-13 17:00,15.1,45
232,천안,2024-02-13 18:00,13.7,51
232,천안,2024-02-13 19:00,12.5,56
232,천안,2024-02-13 20:00,11.8,67
232,천안,2024-02-13 21:00,9,76
232,천안,2024-02-13 22:00,7.6,83
232,천안,2024-02-13 23:00,8.4,82
232,천안,2024-02-14 00:00,8,84
232,천안,2024-02-14 01:00,8.4,83
232,천안,2024-02-14 02:00,8.5,84
232,천안,2024-02-14 03:00,7.7,87
232,천안,2024-02-14 04:00,7.5,89
232,천안,2024-02-14 05:00,6.8,90
232,천안,2024-02-14 06:00,7.3,90
232,천안,2024-02-14 07:00,7.4,88
232,천안,2024-02-14 08:00,8,87
232,천안,2024-02-14 09:00,8.7,84
232,천안,2024-02-14 10:00,12.3,70
232,천안,2024-02-14 11:00,14.8,65
232,천안,2024-02-14 12:00,15.9,66
232,천안,2024-02-14 13:00,16.6,65
232,천안,2024-02-14 14:00,18.3,61
232,천안,2024-02-14 15:00,18.5,56
232,천안,2024-02-14 16:00,18.3,54
232,천안,2024-02-14 17:00,17.2,57
232,천안,2024-02-14 18:00,15.7,63
232,천안,2024-02-14 19:00,14.4,73
232,천안,2024-02-14 20:00,13,81
232,천안,2024-02-14 21:00,10.6,86
232,천안,2024-02-14 22:00,11.1,86
232,천안,2024-02-14 23:00,10.4,88
232,천안,2024-02-15 00:00,10.5,88
232,천안,2024-02-15 01:00,9.4,93
232,천안,2024-02-15 02:00,9.1,95
232,천안,2024-02-15 03:00,9.5,95
232,천안,2024-02-15 04:00,9.6,95
232,천안,2024-02-15 05:00,10,95
232,천안,2024-02-15 06:00,10.1,96
232,천안,2024-02-15 07:00,10.7,98
232,천안,2024-02-15 08:00,10.5,99
232,천안,2024-02-15 09:00,8,97
232,천안,2024-02-15 10:00,7.8,95
232,천안,2024-02-15 11:00,5.2,93
232,천안,2024-02-15 12:00,4.4,93
232,천안,2024-02-15 13:00,2.5,90
232,천안,2024-02-15 14:00,1.5,94
232,천안,2024-02-15 15:00,1.5,95
232,천안,2024-02-15 16:00,2.5,90
232,천안,2024-02-15 17:00,2.3,78
232,천안,2024-02-15 18:00,1.6,71
232,천안,2024-02-15 19:00,1.4,74
232,천안,2024-02-15 20:00,1.7,74
232,천안,2024-02-15 21:00,1.1,78
232,천안,2024-02-15 22:00,1.2,76
232,천안,2024-02-15 23:00,0,83
232,천안,2024-02-16 00:00,-.7,88
232,천안,2024-02-16 01:00,-1.4,93
232,천안,2024-02-16 02:00,-2.1,95
232,천안,2024-02-16 03:00,-1.4,94
232,천안,2024-02-16 04:00,-1.6,95
232,천안,2024-02-16 05:00,-2.2,96
232,천안,2024-02-16 06:00,-2.9,96
232,천안,2024-02-16 07:00,-3.1,97
232,천안,2024-02-16 08:00,-3.4,96
232,천안,2024-02-16 09:00,-1.9,94
232,천안,2024-02-16 10:00,1.2,84
232,천안,2024-02-16 11:00,3.8,64
232,천안,2024-02-16 12:00,5.2,55
232,천안,2024-02-16 13:00,5.9,47
232,천안,2024-02-16 14:00,7.1,47
232,천안,2024-02-16 15:00,7.8,42
232,천안,2024-02-16 16:00,8.1,41
232,천안,2024-02-16 17:00,8,43
232,천안,2024-02-16 18:00,7.2,45
232,천안,2024-02-16 19:00,4,62
232,천안,2024-02-16 20:00,2.8,75
232,천안,2024-02-16 21:00,1.4,82
232,천안,2024-02-16 22:00,-.1,87
232,천안,2024-02-16 23:00,-.7,91
232,천안,2024-02-17 00:00,-1.7,94
232,천안,2024-02-17 01:00,-2.2,94
232,천안,2024-02-17 02:00,-2.7,95
232,천안,2024-02-17 03:00,-2.8,95
232,천안,2024-02-17 04:00,-2.9,95
232,천안,2024-02-17 05:00,-3.1,95
232,천안,2024-02-17 06:00,-3.2,96
232,천안,2024-02-17 07:00,-3.3,96
232,천안,2024-02-17 08:00,-2.5,95
232,천안,2024-02-17 09:00,-1,93
232,천안,2024-02-17 10:00,2.6,79
232,천안,2024-02-17 11:00,6.3,63
232,천안,2024-02-17 12:00,9.2,56
232,천안,2024-02-17 13:00,10.1,53
232,천안,2024-02-17 14:00,11.5,45
232,천안,2024-02-17 15:00,11.9,44
232,천안,2024-02-17 16:00,12.9,38
232,천안,2024-02-17 17:00,12.7,40
232,천안,2024-02-17 18:00,10.8,52
232,천안,2024-02-17 19:00,7.7,65
232,천안,2024-02-17 20:00,5.9,73
232,천안,2024-02-17 21:00,4.2,80
232,천안,2024-02-17 22:00,2.5,88
232,천안,2024-02-17 23:00,1.3,92
232,천안,2024-02-18 00:00,.7,94
232,천안,2024-02-18 01:00,.2,95
232,천안,2024-02-18 02:00,-.7,96
232,천안,2024-02-18 03:00,-1,96
232,천안,2024-02-18 04:00,-1.1,96
232,천안,2024-02-18 05:00,-1.6,97
232,천안,2024-02-18 06:00,-2.2,96
232,천안,2024-02-18 07:00,-2.3,96
232,천안,2024-02-18 08:00,-1.6,96
232,천안,2024-02-18 09:00,.1,94
232,천안,2024-02-18 10:00,3.5,84
232,천안,2024-02-18 11:00,6.2,74
232,천안,2024-02-18 12:00,8.3,63
232,천안,2024-02-18 13:00,9.1,57
232,천안,2024-02-18 14:00,10.8,52
232,천안,2024-02-18 15:00,10.3,61
232,천안,2024-02-18 16:00,7.8,93
232,천안,2024-02-18 17:00,8.1,91
232,천안,2024-02-18 18:00,8.2,94
232,천안,2024-02-18 19:00,8.2,95
232,천안,2024-02-18 20:00,8.3,97
232,천안,2024-02-18 21:00,8.7,99
232,천안,2024-02-18 22:00,9.6,99
232,천안,2024-02-18 23:00,10.5,98
232,천안,2024-02-19 00:00,10.1,99
232,천안,2024-02-19 01:00,11.4,100
232,천안,2024-02-19 02:00,11.6,98
232,천안,2024-02-19 03:00,11.3,99
232,천안,2024-02-19 04:00,10.9,99
232,천안,2024-02-19 05:00,11.1,100
232,천안,2024-02-19 06:00,11.1,100
232,천안,2024-02-19 07:00,11.3,100
232,천안,2024-02-19 08:00,11.3,100
232,천안,2024-02-19 09:00,11.8,100
232,천안,2024-02-19 10:00,12.3,100
232,천안,2024-02-19 11:00,12.9,100
232,천안,2024-02-19 12:00,13.2,100
232,천안,2024-02-19 13:00,13.4,100
232,천안,2024-02-19 14:00,13,97
232,천안,2024-02-19 15:00,12.7,95
232,천안,2024-02-19 16:00,12.1,96
232,천안,2024-02-19 17:00,10.6,97
232,천안,2024-02-19 18:00,8.9,94
232,천안,2024-02-19 19:00,6.9,95
232,천안,2024-02-19 20:00,5.9,97
232,천안,2024-02-19 21:00,5.9,98
232,천안,2024-02-19 22:00,5.5,97
232,천안,2024-02-19 23:00,5.1,94
232,천안,2024-02-20 00:00,4.8,95
232,천안,2024-02-20 01:00,4.4,90
232,천안,2024-02-20 02:00,4,90
232,천안,2024-02-20 03:00,3.8,90
232,천안,2024-02-20 04:00,3.8,90
232,천안,2024-02-20 05:00,3.6,90
232,천안,2024-02-20 06:00,3.5,90
232,천안,2024-02-20 07:00,3.6,92
232,천안,2024-02-20 08:00,3.9,91
232,천안,2024-02-20 09:00,4.2,91
232,천안,2024-02-20 10:00,4.8,94
232,천안,2024-02-20 11:00,5.6,93
232,천안,2024-02-20 12:00,6.4,90
232,천안,2024-02-20 13:00,7.5,89
232,천안,2024-02-20 14:00,7.7,89
232,천안,2024-02-20 15:00,6.8,90
232,천안,2024-02-20 16:00,6.5,89
232,천안,2024-02-20 17:00,6.3,90
232,천안,2024-02-20 18:00,6.1,93
232,천안,2024-02-20 19:00,5.9,91
232,천안,2024-02-20 20:00,5.5,92
232,천안,2024-02-20 21:00,5.4,91
232,천안,2024-02-20 22:00,5.4,89
232,천안,2024-02-20 23:00,5.1,89
232,천안,2024-02-21 00:00,5.1,88
232,천안,2024-02-21 01:00,5.4,84
232,천안,2024-02-21 02:00,5,88
232,천안,2024-02-21 03:00,5.1,88
232,천안,2024-02-21 04:00,4.8,90
232,천안,2024-02-21 05:00,4.4,93
232,천안,2024-02-21 06:00,4.5,91
232,천안,2024-02-21 07:00,4.5,90
232,천안,2024-02-21 08:00,4.4,92
232,천안,2024-02-21 09:00,4.4,92
232,천안,2024-02-21 10:00,4.5,91
232,천안,2024-02-21 11:00,4.6,93
232,천안,2024-02-21 12:00,4.5,92
232,천안,2024-02-21 13:00,4.6,91
232,천안,2024-02-21 14:00,4.6,92
232,천안,2024-02-21 15:00,4.8,91
232,천안,2024-02-21 16:00,4.7,91
232,천안,2024-02-21 17:00,4.7,91
232,천안,2024-02-21 18:00,4.4,93
232,천안,2024-02-21 19:00,3.9,92
232,천안,2024-02-21 20:00,3.5,91
232,천안,2024-02-21 21:00,3,91
232,천안,2024-02-21 22:00,2.1,93
232,천안,2024-02-21 23:00,1.7,94
232,천안,2024-02-22 00:00,1.6,94
232,천안,2024-02-22 01:00,1.4,94
232,천안,2024-02-22 02:00,1.1,96
232,천안,2024-02-22 03:00,1.1,94
232,천안,2024-02-22 04:00,1.1,94
232,천안,2024-02-22 05:00,.9,95
232,천안,2024-02-22 06:00,.7,94
232,천안,2024-02-22 07:00,.6,91
232,천안,2024-02-22 08:00,.5,88
232,천안,2024-02-22 09:00,.6,86
232,천안,2024-02-22 10:00,.8,87
232,천안,2024-02-22 11:00,.4,92
232,천안,2024-02-22 12:00,1,88
232,천안,2024-02-22 13:00,1.5,83
232,천안,2024-02-22 14:00,1.7,83
232,천안,2024-02-22 15:00,1.9,82
232,천안,2024-02-22 16:00,2.1,80
232,천안,2024-02-22 17:00,1.9,83
232,천안,2024-02-22 18:00,1.3,90
232,천안,2024-02-22 19:00,1.3,92
232,천안,2024-02-22 20:00,1.2,90
232,천안,2024-02-22 21:00,1.3,88
232,천안,2024-02-22 22:00,1.2,88
232,천안,2024-02-22 23:00,.8,91
232,천안,2024-02-23 00:00,.6,90
232,천안,2024-02-23 01:00,.4,89
232,천안,2024-02-23 02:00,.6,86
232,천안,2024-02-23 03:00,.4,87
232,천안,2024-02-23 04:00,.3,88
232,천안,2024-02-23 05:00,.3,86
232,천안,2024-02-23 06:00,.4,84
232,천안,2024-02-23 07:00,.4,82
232,천안,2024-02-23 08:00,.6,79
232,천안,2024-02-23 09:00,1,78
232,천안,2024-02-23 10:00,1.8,75
232,천안,2024-02-23 11:00,2.6,73
232,천안,2024-02-23 12:00,3.8,69
232,천안,2024-02-23 13:00,4,65
232,천안,2024-02-23 14:00,4.7,63
232,천안,2024-02-23 15:00,5.1,62
232,천안,2024-02-23 16:00,4.9,60
232,천안,2024-02-23 17:00,4.9,60
232,천안,2024-02-23 18:00,4.8,63
232,천안,2024-02-23 19:00,4.1,66
232,천안,2024-02-23 20:00,3.7,68
232,천안,2024-02-23 21:00,3.5,65
232,천안,2024-02-23 22:00,3.1,66
232,천안,2024-02-23 23:00,2.6,69
232,천안,2024-02-24 00:00,2.1,68
232,천안,2024-02-24 01:00,1.6,69
232,천안,2024-02-24 02:00,1.4,69
232,천안,2024-02-24 03:00,.8,72
232,천안,2024-02-24 04:00,.4,74
232,천안,2024-02-24 05:00,.4,72
232,천안,2024-02-24 06:00,.3,68
232,천안,2024-02-24 07:00,.3,66
232,천안,2024-02-24 08:00,.6,66
232,천안,2024-02-24 09:00,1.6,61
232,천안,2024-02-24 10:00,3.6,54
232,천안,2024-02-24 11:00,4.2,52
232,천안,2024-02-24 12:00,5.3,51
232,천안,2024-02-24 13:00,5.6,50
232,천안,2024-02-24 14:00,5.7,51
232,천안,2024-02-24 15:00,5.6,54
232,천안,2024-02-24 16:00,5.4,55
232,천안,2024-02-24 17:00,5.2,56
232,천안,2024-02-24 18:00,4.3,66
232,천안,2024-02-24 19:00,2.3,88
232,천안,2024-02-24 20:00,1.7,94
232,천안,2024-02-24 21:00,1.4,95
232,천안,2024-02-24 22:00,1.4,96
232,천안,2024-02-24 23:00,1,97
232,천안,2024-02-25 00:00,1,98
232,천안,2024-02-25 01:00,1,98
232,천안,2024-02-25 02:00,1.2,97
232,천안,2024-02-25 03:00,1,98
232,천안,2024-02-25 04:00,1,98
232,천안,2024-02-25 05:00,1.1,99
232,천안,2024-02-25 06:00,1,99
232,천안,2024-02-25 07:00,.7,99
232,천안,2024-02-25 08:00,.9,99
232,천안,2024-02-25 09:00,1.5,98
232,천안,2024-02-25 10:00,1.7,97
232,천안,2024-02-25 11:00,2.8,91
232,천안,2024-02-25 12:00,3.3,91
232,천안,2024-02-25 13:00,3.8,87
232,천안,2024-02-25 14:00,4.2,80
232,천안,2024-02-25 15:00,4.5,81
232,천안,2024-02-25 16:00,5.1,77
232,천안,2024-02-25 17:00,4.3,83
232,천안,2024-02-25 18:00,4.1,86
232,천안,2024-02-25 19:00,3.7,89
232,천안,2024-02-25 20:00,3.6,89
232,천안,2024-02-25 21:00,3.4,87
232,천안,2024-02-25 22:00,2.8,89
232,천안,2024-02-25 23:00,2,91
232,천안,2024-02-26 00:00,1.2,93
232,천안,2024-02-26 01:00,.6,95
232,천안,2024-02-26 02:00,-.2,97
232,천안,2024-02-26 03:00,-.4,98
232,천안,2024-02-26 04:00,-1.4,98
232,천안,2024-02-26 05:00,-1.8,98
232,천안,2024-02-26 06:00,-1.7,98
232,천안,2024-02-26 07:00,-1.6,98
232,천안,2024-02-26 08:00,-1.3,98
232,천안,2024-02-26 09:00,.6,94
232,천안,2024-02-26 10:00,2.5,83
232,천안,2024-02-26 11:00,3.1,80
232,천안,2024-02-26 12:00,4.2,76
232,천안,2024-02-26 13:00,5.9,61
232,천안,2024-02-26 14:00,7.7,41
232,천안,2024-02-26 15:00,7.6,42
232,천안,2024-02-26 16:00,7.7,44
232,천안,2024-02-26 17:00,7.6,43
232,천안,2024-02-26 18:00,7,47
232,천안,2024-02-26 19:00,5.3,55
232,천안,2024-02-26 20:00,3.6,72
232,천안,2024-02-26 21:00,3,77
232,천안,2024-02-26 22:00,1.9,81
232,천안,2024-02-26 23:00,.6,89
232,천안,2024-02-27 00:00,.3,92
232,천안,2024-02-27 01:00,-.4,93
232,천안,2024-02-27 02:00,0,93
232,천안,2024-02-27 03:00,-.1,89
232,천안,2024-02-27 04:00,.3,82
232,천안,2024-02-27 05:00,.9,77
232,천안,2024-02-27 06:00,1.5,70
232,천안,2024-02-27 07:00,.9,72
232,천안,2024-02-27 08:00,1.5,69
232,천안,2024-02-27 09:00,2.9,60
232,천안,2024-02-27 10:00,4.4,56
232,천안,2024-02-27 11:00,5.9,48
232,천안,2024-02-27 12:00,7.2,42
232,천안,2024-02-27 13:00,8.1,42
232,천안,2024-02-27 14:00,8.4,40
232,천안,2024-02-27 15:00,9.1,40
232,천안,2024-02-27 16:00,8.8,42
232,천안,2024-02-27 17:00,9.2,42
232,천안,2024-02-27 18:00,8.5,44
232,천안,2024-02-27 19:00,6.8,49
232,천안,2024-02-27 20:00,5.8,52
232,천안,2024-02-27 21:00,4,63
232,천안,2024-02-27 22:00,2.4,73
232,천안,2024-02-27 23:00,2.6,74
232,천안,2024-02-28 00:00,2.1,77
232,천안,2024-02-28 01:00,1.4,79
232,천안,2024-02-28 02:00,.6,82
232,천안,2024-02-28 03:00,-.3,86
232,천안,2024-02-28 04:00,.1,85
232,천안,2024-02-28 05:00,.7,85
